grant_num,surname,alias,forename,title,title_of,surname_2,forename_2,rh,day,month,year,parish,property,L,s,d,total,land,tithe,court,fines,transfer,fee,other,non_monastic,unknown,multi,split,notes,in_devon,bio_parish,match_note,match_year,second_name
1,,,Henry,Marquis,Exeter,,,Breamore Priory,9,11,1536,Honiton,Northcote Manor,,67,3,807,1,,,,,,,,,,,"attaindered, reverted to crown and re-granted, gross value taken from the re-grant",1,,,,
2,Plantagenet,,Arthur,Viscount,Lisle,,,Frithelstock Priory,4,9,1537,Frithelstock,Frithelstock,49,12,11,11915,1,,,,,,,,,,,,0,,,,
2,Plantagenet,,Arthur,Viscount,Lisle,,,Frithelstock Priory,4,9,1537,Frithelstock,Frithelstock,,10,,120,,,,,,,1,,,,,,0,,,,
2,Plantagenet,,Arthur,Viscount,Lisle,,,Frithelstock Priory,4,9,1537,Frithelstock,Frithelstock,,54,2,650,,,1,,,,,,,,,,0,,,,
2,Plantagenet,,Arthur,Viscount,Lisle,,,Frithelstock Priory,4,9,1537,Frithelstock,Frithelstock,,72,4,868,,,,1,,,,,,,,,0,,,,
2,Plantagenet,,Arthur,Viscount,Lisle,,,Frithelstock Priory,4,9,1537,Alverdiscott,Kyngdon,,68,,816,1,,,,,,,,,,,,0,,,,
2,Plantagenet,,Arthur,Viscount,Lisle,,,Frithelstock Priory,4,9,1537,High Bickington,Brodwood,10,16,10,2602,1,,,,,,,,,,,,0,,,,
2,Plantagenet,,Arthur,Viscount,Lisle,,,Frithelstock Priory,4,9,1537,High Bickington,Brodwood,,49,10.25,598.25,,,1,,,,,,,,,,0,,,,
2,Plantagenet,,Arthur,Viscount,Lisle,,,Frithelstock Priory,4,9,1537,Shobrooke,Wyke,,106,8,1280,1,,,,,,,,,,,,0,,,,
2,Plantagenet,,Arthur,Viscount,Lisle,,,Frithelstock Priory,4,9,1537,Great Torrington,Torrington,,10,,120,1,,,,,,,,,,,,0,,,,
2,Plantagenet,,Arthur,Viscount,Lisle,,,Frithelstock Priory,4,9,1537,Frithelstock,Frithelstock rectory,19,8,9,4665,,1,,,,,,,,,,sheaves,0,,,,
2,Plantagenet,,Arthur,Viscount,Lisle,,,Frithelstock Priory,4,9,1537,Frithelstock,Frithelstock rectory,,60,,720,,1,,,,,,,,,,wool lambs and other,0,,,,
2,Plantagenet,,Arthur,Viscount,Lisle,,,Frithelstock Priory,4,9,1537,Broadwoodwidger,Broadwoodwidger rectory,32,4,2.25,7730.25,,1,,,,,,,,,,sheaves,0,,,,
2,Plantagenet,,Arthur,Viscount,Lisle,,,Frithelstock Priory,4,9,1537,Broadwoodwidger,Broadwoodwidger rectory,-8,,,-1920,,,,,1,,,,,,,vicar's stipend,0,,,,
2,Plantagenet,,Arthur,Viscount,Lisle,,,Frithelstock Priory,4,9,1537,Shobrooke,Wyke rectory,10,2,10,2434,,1,,,,,,,,,,sheaves,0,,,,
2,Plantagenet,,Arthur,Viscount,Lisle,,,Frithelstock Priory,4,9,1537,Shobrooke,Wyke rectory,,,,0,,,,,1,,,,,,,"priest's stipend, value unknown",0,,,,
2,Plantagenet,,Arthur,Viscount,Lisle,,,Frithelstock Priory,4,9,1537,,Earl of Westmoreland,,-2,,-24,1,,,,,,,,,,,chief rent for Brodwoode,0,,,,
2,Plantagenet,,Arthur,Viscount,Lisle,,,Frithelstock Priory,4,9,1537,,William Shilston,,,-12,-12,,,,,,,1,,,,,for mill stream,0,,,,
2,Plantagenet,,Arthur,Viscount,Lisle,,,Frithelstock Priory,4,9,1537,Exeter,Exeter bishop syn prox,,-2,-2,-26,,,,,1,,,,,,,,0,,,,
2,Plantagenet,,Arthur,Viscount,Lisle,,,Frithelstock Priory,4,9,1537,Totnes,Totnes archdeacon syn,,-2,-5,-29,,,,,1,,,,,,,,0,,,,
2,Plantagenet,,Arthur,Viscount,Lisle,,,Frithelstock Priory,4,9,1537,Barnstaple,Barnstaple archdeacon prox,,-6,-8,-80,,,,,1,,,,,,,,0,,,,
2,Plantagenet,,Arthur,Viscount,Lisle,,,Frithelstock Priory,4,9,1537,Exeter,Exeter bishop and archdeacon syn prox,,-6,-10,-82,,,,,1,,,,,,,,0,,,,
2,Plantagenet,,Arthur,Viscount,Lisle,,,Frithelstock Priory,4,9,1537,Frithelstock,Richard Grenville steward,,-20,,-240,,,,,,1,,,,,,,0,,,,
2,Plantagenet,,Arthur,Viscount,Lisle,,,Frithelstock Priory,4,9,1537,Frithelstock,Nicholas Force auditor,,-20,,-240,,,,,,1,,,,,,,0,,,,
2,Plantagenet,,Arthur,Viscount,Lisle,,,Frithelstock Priory,4,9,1537,Frithelstock,William Williams bailiff of Frithelstock,,-33,-4,-400,,,,,,1,,,,,,,0,,,,
2,Plantagenet,,Arthur,Viscount,Lisle,,,Frithelstock Priory,4,9,1537,High Bickington,Brodwoode manor,,-33,-4,-400,,,,,,,,,1,,,,0,,,,
3,Wriothesley,,Thomas,,,,,Quarr,6,11,1537,Colyton,Farwood with Farway,,,,0,1,,,,,,,,,,,no particulars,0,,,,
3,Wriothesley,,Thomas,,,,,Quarr,6,11,1537,Colyton,Farwood with Farway tithe,,,,0,,1,,,,,,,,,,no particulars,0,,,,
4,Howard,,William ,Lord,,,,Barnstaple,9,3,1538,Barnstaple,Barnstaple assessed rents,,25,,300,1,,,,,,,,,,,,0,,,,
4,Howard,,William ,Lord,,,,Barnstaple,9,3,1538,Barnstaple,Barnstaple quit rents,5,2,4,1228,1,,,,,,,,,,,,0,,,,
4,Howard,,William ,Lord,,,,Barnstaple,9,3,1538,Barnstaple,Barnstaple customary rents,50,7,2,12086,1,,,,,,,,,,,,0,,,,
4,Howard,,William ,Lord,,,,Barnstaple,9,3,1538,Barnstaple,Barnstaple foreign rents,6,8,,1536,1,,,,,,,,,,,,0,,,,
4,Howard,,William ,Lord,,,,Barnstaple,9,3,1538,Barnstaple,Barnstaple rent from Agnes Northyo,,3,,36,1,,,,,,,,,,,,0,,,,
4,Howard,,William ,Lord,,,,Barnstaple,9,3,1538,Barnstaple,Barnstaple farm of the mill,26,13,4,6400,,,,,,,1,,,,,,0,,,,
4,Howard,,William ,Lord,,,,Barnstaple,9,3,1538,Barnstaple,Barnstaple farm of the site,,53,4,640,1,,,,,,,,,,,,0,,,,
4,Howard,,William ,Lord,,,,Barnstaple,9,3,1538,Barnstaple,Barnstaple farm of the rectory,7,,,1680,,1,,,,,,,,,,,0,,,,
4,Howard,,William ,Lord,,,,Barnstaple,9,3,1538,Barnstaple,Barnstaple church pension,11,10,,2760,,,,,1,,,,,,,,0,,,,
4,Howard,,William ,Lord,,,,Barnstaple,9,3,1538,Barnstaple,Barnstaple court,7,12,4,1828,,,1,,,,,,,,,,0,,,,
4,Howard,,William ,Lord,,,,Barnstaple,9,3,1538,Barnstaple,Barnstaple wood,,,,0,1,,,,,,1,,,,,,0,,,,
4,Howard,,William ,Lord,,,,Barnstaple,9,3,1538,Pilton,Pylton assessed rents,,18,6,222,1,,,,,,,,,,,,0,,,,
4,Howard,,William ,Lord,,,,Barnstaple,9,3,1538,Pilton,Pylton customary rents,25,16,8,6200,1,,,,,,,,,,,,0,,,,
4,Howard,,William ,Lord,,,,Barnstaple,9,3,1538,Pilton,Pylton farm of the grange,20,,,4800,1,,,,,,,,,,,,0,,,,
4,Howard,,William ,Lord,,,,Barnstaple,9,3,1538,Pilton,Pylton farm of bull-rushes,,20,,240,,,,,,,1,,,,,,0,,,,
4,Howard,,William ,Lord,,,,Barnstaple,9,3,1538,Pilton,Pylton farm of the mill,,16,8,200,,,,,,,1,,,,,,0,,,,
4,Howard,,William ,Lord,,,,Barnstaple,9,3,1538,Thelbridge,Strechton assessed rent,,10,2,122,1,,,,,,,,,,,,0,,,,
4,Howard,,William ,Lord,,,,Barnstaple,9,3,1538,Thelbridge,Strechton customary rent,,32,,384,1,,,,,,,,,,,,0,,,,
4,Howard,,William ,Lord,,,,Barnstaple,9,3,1538,Thelbridge,Strechton court,,2,9,33,,,1,,,,,,,,,,0,,,,
4,Howard,,William ,Lord,,,,Barnstaple,9,3,1538,Thelbridge,Strechton movables rent,,,,0,,,,,,,1,,,,,,0,,,,
4,Howard,,William ,Lord,,,,Barnstaple,9,3,1538,,Court of Augmentations tithe?,-21,,,-5040,,,,,,,1,,,,,,0,,,,
4,Howard,,William ,Lord,,,,Barnstaple,9,3,1538,Barnstaple,Barnstaple rent,,-8,-8,-104,1,,,,,,,,,,,,0,,,,
4,Howard,,William ,Lord,,,,Barnstaple,9,3,1538,Barnstaple,Barnstaple decay of rent,,-5,-6,-66,1,,,,,,,,,,,,0,,,,
4,Howard,,William ,Lord,,,,Barnstaple,9,3,1538,,Steward,,-53,-4,-640,,,,,,1,,,,,,,0,,,,
4,Howard,,William ,Lord,,,,Barnstaple,9,3,1538,,Auditor,,-66,-8,-800,,,,,,1,,,,,,,0,,,,
4,Howard,,William ,Lord,,,,Barnstaple,9,3,1538,,Bailiff,-5,,,-1200,,,,,,1,,,,,,,0,,,,
4,Howard,,William ,Lord,,,,Barnstaple,9,3,1538,,Steward expenses,,-8,-8,-104,,,,,,1,,,,,,,0,,,,
4,Howard,,William ,Lord,,,,Barnstaple,9,3,1538,,Fines,,-8,,-96,,,,1,,,,,,,,,0,,,,
4,Howard,,William ,Lord,,,,Barnstaple,9,3,1538,,Expenses in law,,-3,-2,-38,,,,,,,1,,,,,,0,,,,
4,Howard,,William ,Lord,,,,Barnstaple,9,3,1538,,Repairs,-7,-12,-10,-1834,,,,,,,1,,,,,,0,,,,
4,Howard,,William ,Lord,,,,Barnstaple,9,3,1538,,Rent from bailiff to Richard Coffyn,,-20,,-240,1,,,,,,,,,,,,0,,,,
4,Howard,,William ,Lord,,,,Barnstaple,9,3,1538,,Strechton rent,,-2,,-24,1,,,,,,,,,,,,0,,,,
4,Howard,,William ,Lord,,,,Barnstaple,9,3,1538,,Bailiff,,-3,-4,-40,,,,,,1,,,,,,,0,,,,
4,Howard,,William ,Lord,,,,Barnstaple,9,3,1538,,Middlesex (rent?),-4,-13,-4,-1120,,,,,,,,,1,,,,0,,,,
5,Wallop,,John,Gentleman of the Privy Chamber,,,,Barlinch Priory,29,5,1538,Morebath,Morebath manor,,,,0,,,,,,,,,1,,,no particulars,0,,,,
6,,,Charles,Duke,Suffolk,,,Barlinch Priory,19,12,1538,Mariansleigh,Mariansleigh manor,,,,0,,,,,,,,,1,,,,0,,,,
6,,,Charles,Duke,Suffolk,,,Barlinch Priory,19,12,1538,Mariansleigh,Mariansleigh rectory,,,,0,,,,,,,,,1,,,,0,,,,
6,,,Charles,Duke,Suffolk,,,St Nicholas Priory Exeter,19,12,1538,Cullompton,Cullompton advowson,,,,0,,,,,,,,,1,,,,0,,,,
7,Russell,,John,Lord,,,,Tavistock Abbey,4,7,1539,Milton Abbot,"Milton Abbott, Hole and Brentor, Weke Dabernon, Peterstavy, Whitechurch, Anthony in Cornwall",233,15,4.75,56104.75,1,,,,,,,,,1,,,0,,,,
7,Russell,,John,Lord,,,,,4,7,1539,Milton Abbot,Milton Abbott,38.83333333,2.5,0.791666667,9350.791667,1,,,,,,,,,,1,,0,,,,
7,Russell,,John,Lord,,,,,4,7,1539,Brentor,Hole and Brentor,38.83333333,2.5,0.791666667,9350.791667,1,,,,,,,,,,1,,0,,,,
7,Russell,,John,Lord,,,,,4,7,1539,Milton Abbot,Weke Dabernon,38.83333333,2.5,0.791666667,9350.791667,1,,,,,,,,,,1,,0,,,,
7,Russell,,John,Lord,,,,,4,7,1539,Peter Tavy,Peterstavy,38.83333333,2.5,0.791666667,9350.791667,1,,,,,,,,,,1,,0,,,,
7,Russell,,John,Lord,,,,,4,7,1539,Whitchurch,Whitechurch,38.83333333,2.5,0.791666667,9350.791667,1,,,,,,,,,,1,,0,,,,
7,Russell,,John,Lord,,,,,4,7,1539,,Anthony in Cornwall,38.83333333,2.5,0.791666667,9350.791667,1,,,,,,,,,,1,,0,,,,
7,Russell,,John,Lord,,,,,4,7,1539,Denbury,Denbury manor,23,12,6.25,5670.25,1,,,,,,,,,,,,0,,,,
7,Russell,,John,Lord,,,,,4,7,1539,Plymstock,Plympstoke,43,6,7.75,10399.75,1,,,,,,,,,,,,0,,,,
7,Russell,,John,Lord,,,,,4,7,1539,Werrington,Woryngton,142,11,3.125,34215.125,1,,,,,,,,,,,,0,,,,
7,Russell,,John,Lord,,,,,4,7,1539,Tavistock,Morewell with Morewelham,15,7,3,3687,1,,,,,,,,,,,,0,,,,
7,Russell,,John,Lord,,,,,4,7,1539,Tavistock,Hurdewyke,34,,,8160,1,,,,,,,,,,,,0,,,,
7,Russell,,John,Lord,,,,,4,7,1539,Tavistock,Tavistock monastery land,4,,,960,1,,,,,,,,,,,,0,,,,
7,Russell,,John,Lord,,,,,4,7,1539,Tavistock,Bourgh of Tavistock,11,17,1.625,2845.625,1,,,,,,,,,,,,0,,,,
7,Russell,,John,Lord,,,,,4,7,1539,Exeter,Couwyke manor and members,79,2,0.25,18984.25,1,,,,,,,,,,,,0,,,,
7,Russell,,John,Lord,,,,,4,7,1539,Christow,Crystynstow,18,2,10,4354,1,,,,,,,,,,,,0,,,,
7,Russell,,John,Lord,,,,,4,7,1539,Plympton St Mary,Boryngton manor,18,18,9.25,4545.25,1,,,,,,,,,,,,0,,,,
7,Russell,,John,Lord,,,,,4,7,1539,Tavistock,Newton manor,7,15,,1860,1,,,,,,,,,,,,0,,,,
7,Russell,,John,Lord,,,,,4,7,1539,Tavistock,Tavistock meadow and pasture,,55,4,664,1,,,,,,,,,,,,0,,,,
7,Russell,,John,Lord,,,,,4,7,1539,Cornwood,Cornwood manor,,48,4,580,1,,,,,,,,,,,,0,,,,
7,Russell,,John,Lord,,,,Torre Abbey,4,7,1539,Blackawton,Blakeaveton manor,53,14,8.75,12896.75,1,,,,,,,,,,,,0,,,,
7,Russell,,John,Lord,,,,Dunkeswell Priory,4,7,1539,Dunkeswell,Bywood,3,6,8,800,1,,,,,,,,,,,"""Oldedunkeswyll"" parish",0,,,,
7,Russell,,John,Lord,,,,Dunkeswell Priory,4,7,1539,Dunkeswell,Bowreheys,7,10,,1800,1,,,,,,,,,,,"""Oldedunkeswyll"" parish",0,,,,
7,Russell,,John,Lord,,,,Dunkeswell Priory,4,7,1539,Dunkeswell,Dunkeswell land and mill,,100,,1200,,,,,,,1,,,1,,land and mill,0,,,,
7,Russell,,John,Lord,,,,Dunkeswell Priory,4,7,1539,Dunkeswell,Dunkeswell land,,50,,600,1,,,,,,,,,,1,,0,,,,
7,Russell,,John,Lord,,,,Dunkeswell Priory,4,7,1539,Dunkeswell,Dunkeswell mill,,50,,600,,,,,,,1,,,,1,,0,,,,
7,Russell,,John,Lord,,,,Dunkeswell Priory,4,7,1539,Broadhembury,Brodehembury,12,,,2880,1,,,,,,,,,,,,0,,,,
7,Russell,,John,Lord,,,,Dunkeswell Priory,4,7,1539,Luppitt,Chapecomb,,57,,684,1,,,,,,,,,,,,0,,,,
7,Russell,,John,Lord,,,,Dunkeswell Priory,4,7,1539,Sheldon,Sheldon,4,,,960,1,,,,,,,,,,,,0,,,,
8,Duke,,Richard,,,,,Syon Abbey,5,2,1540,Otterton,Otterton,,,,0,1,,,,,,,,,,,,0.5,Otterton,"Family in Otterton, grandpa exeter merchant, heir found in 1581",,
8,Duke,,Richard,,,,,Syon Abbey,5,2,1540,East Budleigh,East Budleigh,,,,0,1,,,,,,,,,,,,0.5,Otterton,"Family in Otterton, grandpa exeter merchant, heir found in 1581",,
8,Duke,,Richard,,,,,Syon Abbey,5,2,1540,Harpford,Harpford Rectory,,,,0,,1,,,,,,,,,,,0.5,Otterton,"Family in Otterton, grandpa exeter merchant, heir found in 1581",,
8,Duke,,Richard,,,,,Syon Abbey,5,2,1540,Harpford,Harpford Advowson,,,,0,,,,,,,1,,,,,,0.5,Otterton,"Family in Otterton, grandpa exeter merchant, heir found in 1581",,
8,Duke,,Richard,,,,,Syon Abbey,5,2,1540,Otterton,Otterton Rectory,,,,0,,1,,,,,,,,,,,0.5,Otterton,"Family in Otterton, grandpa exeter merchant, heir found in 1581",,
8,Duke,,Richard,,,,,Syon Abbey,5,2,1540,Otterton,Otterton Advowson,,,,0,,,,,,,1,,,,,,0.5,Otterton,"Family in Otterton, grandpa exeter merchant, heir found in 1581",,
8,Duke,,Richard,,,,,Syon Abbey,5,2,1540,Venn Ottery,Venn Ottery Advowson,,,,0,,,,,,,1,,,,,,0.5,Otterton,"Family in Otterton, grandpa exeter merchant, heir found in 1581",,
9,Dennis,,Thomas,,,,,Sherborne Abbey,11,2,1540,Littleham (near Exmouth),Littleham Manor,,,,0,1,,,,,,,,,,,,1,Holcombe Burnell,,1543,
9,Dennis,,Thomas,,,,,Sherborne Abbey,11,2,1540,Littleham (near Exmouth),Exmouth Manor,,,,0,1,,,,,,,,,,,,1,Holcombe Burnell,,1543,
10,Ridgeway,,John,,,,,Torre Abbey,4,3,1540,Torquay St Marychurch,Collaton manor,8,7,20,2024,1,,,,,,,,,1,,,1,Newton Abbot,,1543,
10,Ridgeway,,John,,,,,Torre Abbey,4,3,1540,Torquay St Marychurch,Collaton manor,4,3.5,10,1012,1,,,,,,,,,,1,,1,Newton Abbot,,1543,
10,Ridgeway,,John,,,,,Torre Abbey,4,3,1540,Tormoham,Collaton manor,4,3.5,10,1012,1,,,,,,,,,,1,,1,Newton Abbot,,1543,
10,Ridgeway,,John,,,,,Torre Abbey,4,3,1540,Torquay St Marychurch,Collaton manor court,,6,8,80,,,1,,,,,,,1,,,1,Newton Abbot,,1543,
10,Ridgeway,,John,,,,,Torre Abbey,4,3,1540,Torquay St Marychurch,Collaton manor court,,3,4,40,,,1,,,,,,,,1,,1,Newton Abbot,,1543,
10,Ridgeway,,John,,,,,Torre Abbey,4,3,1540,Tormoham,Collaton manor court,,3,4,40,,,1,,,,,,,,1,,1,Newton Abbot,,1543,
10,Ridgeway,,John,,,,,Torre Abbey,4,3,1540,Torquay St Marychurch,Shiphay grange,7,15,4,1864,1,,,,,,,,,,,land values,1,Newton Abbot,,1543,
10,Ridgeway,,John,,,,,Torre Abbey,4,3,1540,Torquay St Marychurch,Elsham grange,6,13,6,1602,1,,,,,,,,,,,land values,1,Newton Abbot,,1543,
11,Bluett,,Roger,,,,,Montacute Priory,10,3,1540,Holcombe Rogus,Holcombe,,36,8,440,1,,,,,,,,,,,,0.5,Holcombe Rogus,in Calendar,,
11,Bluett,,Roger,,,,,Montacute Priory,10,3,1540,Sampford Peverell,Buhull,,35,,420,1,,,,,,,,,,,,0.5,Holcombe Rogus,in Calendar,,
11,Bluett,,Roger,,,,,Montacute Priory,10,3,1540,Silverton,Mounkulonne rent,8,15,5.5,2105.5,1,,,,,,,,,1,,,0.5,Holcombe Rogus,in Calendar,,
11,Bluett,,Roger,,,,,Montacute Priory,10,3,1540,Silverton,Mounkulonne rent,2.666666667,5,1.833333333,701.8333333,1,,,,,,,,,,1,,0.5,Holcombe Rogus,in Calendar,,
11,Bluett,,Roger,,,,,Montacute Priory,10,3,1540,Broadclyst,Mounkulonne rent,2.666666667,5,1.833333333,701.8333333,1,,,,,,,,,,1,,0.5,Holcombe Rogus,in Calendar,,
11,Bluett,,Roger,,,,,Montacute Priory,10,3,1540,Cullompton,Mounkulonne rent,2.666666667,5,1.833333333,701.8333333,1,,,,,,,,,,1,,0.5,Holcombe Rogus,in Calendar,,
11,Bluett,,Roger,,,,,Montacute Priory,10,3,1540,Silverton,Mounkulonne court,,19,,228,,,1,,,,,,,1,,,0.5,Holcombe Rogus,in Calendar,,
11,Bluett,,Roger,,,,,Montacute Priory,10,3,1540,Silverton,Mounkulonne court,,6.333333333,,76,,,1,,,,,,,,1,,0.5,Holcombe Rogus,in Calendar,,
11,Bluett,,Roger,,,,,Montacute Priory,10,3,1540,Broadclyst,Mounkulonne court,,6.333333333,,76,,,1,,,,,,,,1,,0.5,Holcombe Rogus,in Calendar,,
11,Bluett,,Roger,,,,,Montacute Priory,10,3,1540,Cullompton,Mounkulonne court,,6.333333333,,76,,,1,,,,,,,,1,,0.5,Holcombe Rogus,in Calendar,,
11,Bluett,,Roger,,,,,Montacute Priory,10,3,1540,Holcombe Rogus,Bromyscote,,2,8,32,1,,,,,,,,,,,,0.5,Holcombe Rogus,in Calendar,,
11,Bluett,,Roger,,,,,Montacute Priory,10,3,1540,,Somerset,4,4,11.5,1019.5,1,,,,,,,,,,,,0.5,Holcombe Rogus,in Calendar,,
11,Bluett,,Roger,,,,,Montacute Priory,10,3,1540,Clayhanger,Donnyngston rent,7,2,4.5,1708.5,1,,,,,,,,,,,,0.5,Holcombe Rogus,in Calendar,,
11,Bluett,,Roger,,,,,Montacute Priory,10,3,1540,Clayhanger,Donnyngston court,,2,5.5,29.5,,,1,,,,,,,,,,0.5,Holcombe Rogus,in Calendar,,
11,Bluett,,Roger,,,,,Montacute Priory,10,3,1540,,Somerset,,56,,672,1,,,,,,,,,,,,0.5,Holcombe Rogus,in Calendar,,
11,Bluett,,Roger,,,,,Montacute Priory,10,3,1540,Dawlish,Holcombe and Buhull wood,,4,,960,1,,,,,,,,,,,land values,0.5,Holcombe Rogus,in Calendar,,
12,Dennis,,Thomas,,,,,Buckfast Abbey,16,3,1540,Buckfastleigh,Buckfast abbey lands,11,3,6,2682,1,,,,,,,,,,,,1,Holcombe Burnell,,1543,
12,Dennis,,Thomas,,,,,Buckfast Abbey,16,3,1540,Buckfastleigh,"Buckfast, Henbury wood, Berydgewoode wood",,80,,19200,1,,,,,,,,,,,land values,1,Holcombe Burnell,,1543,
12,Dennis,,Thomas,,,,,Buckfast Abbey,16,3,1540,Buckfastleigh,Buckfast abbey demesne wood,,20,,4800,1,,,,,,,,,,,land values,1,Holcombe Burnell,,1543,
12,Dennis,,Thomas,,,,,Buckfast Abbey,16,3,1540,Buckfastleigh,Asteridge wood in Buckfastleigh manor,,,,0,1,,,,,,,,,,,wood reserved to the king,1,Holcombe Burnell,,1543,
12,Dennis,,Thomas,,,,,Buckfast Abbey,16,3,1540,Cheriton Fitzpaine,Comb St Nicholas,,106,8,1280,1,,,,,,,,,,,,1,Holcombe Burnell,,1543,
12,Dennis,,Thomas,,,,,Buckfast Abbey,16,3,1540,Dunsford,Dunsford,,26,3,315,1,,,,,,,,,,,,1,Holcombe Burnell,,1543,
12,Dennis,,Thomas,,,,,Buckfast Abbey,16,3,1540,Shobrooke,Bowle Cadbury and Elsewhere ,8,4,8,1976,1,,,,,,,,,1,,,1,Holcombe Burnell,,1543,
12,Dennis,,Thomas,,,,,Buckfast Abbey,16,3,1540,Shobrooke,Bowle Cadbury and Elsewhere ,2.666666667,1.333333333,2.666666667,658.6666667,1,,,,,,,,,,1,,1,Holcombe Burnell,,1543,
12,Dennis,,Thomas,,,,,Buckfast Abbey,16,3,1540,Cadbury,Bowle Cadbury and Elsewhere ,2.666666667,1.333333333,2.666666667,658.6666667,1,,,,,,,,,,1,,1,Holcombe Burnell,,1543,
12,Dennis,,Thomas,,,,,Buckfast Abbey,16,3,1540,Cheriton Fitzpaine,Bowle Cadbury and Elsewhere ,2.666666667,1.333333333,2.666666667,658.6666667,1,,,,,,,,,,1,,1,Holcombe Burnell,,1543,
12,Dennis,,Thomas,,,,,Buckfast Abbey,16,3,1540,Shobrooke,Bowle Cadbury and Elsewhere court,,3,4,40,,,1,,,,,,,1,,,1,Holcombe Burnell,,1543,
12,Dennis,,Thomas,,,,,Buckfast Abbey,16,3,1540,Shobrooke,Bowle Cadbury and Elsewhere court,,1,1.333333333,13.33333333,,,1,,,,,,,,1,,1,Holcombe Burnell,,1543,
12,Dennis,,Thomas,,,,,Buckfast Abbey,16,3,1540,Cadbury,Bowle Cadbury and Elsewhere court,,1,1.333333333,13.33333333,,,1,,,,,,,,1,,1,Holcombe Burnell,,1543,
12,Dennis,,Thomas,,,,,Buckfast Abbey,16,3,1540,Cheriton Fitzpaine,Bowle Cadbury and Elsewhere court,,1,1.333333333,13.33333333,,,1,,,,,,,,1,,1,Holcombe Burnell,,1543,
13,Grenville,,John,Sergeant at Arms,,,,Polsoe Priory,22,3,1540,Colyton,Tudheys aka Mynchynhome,11,17,11,2855,1,,,,,,,,,,,,0.5,,Exeter?,,
13,Grenville,,John,Sergeant at Arms,,,,Polsoe Priory,22,3,1540,Colyton,Tudheys aka Mynchynhome court,,25,,300,,,1,,,,,,,,,,0.5,,Exeter?,,
14,Carew,,Thomas,,,,,St John's Hospital Exeter,29,4,1540,,,,,,0,,,,,,,,,,,,no particulars,0.5,Bickleigh,in Calendar,,
15,Menyfee,,John,Yeoman,,,,Breamore Priory,8,6,1540,Honiton,Northcote manor,,67,3,807,1,,,,,,,,,,,,0,,London,,
15,Menyfee,,John,Yeoman,,,,Breamore Priory,8,6,1540,,John Strowbridge steward,,-6,-8,-80,,,,,,1,,,,,,,0,,London,,
16,Pollard,,Richard,,,,,Forde Abbey,23,6,1540,,Somerset woods,,17,,4080,1,,,,,,,,,,,,0.5,,"family from King's Nympton, can't find them tho",,
16,Pollard,,Richard,,,,,Forde Abbey,23,6,1540,Thorncombe,Forde Abbey lands on site and elsewhere,38,4,6,9174,1,,,,,,,,,,,tons of places incl. unspecified Somerset and Dorset,0.5,,"family from King's Nympton, can't find them tho",,
16,Pollard,,Richard,,,,,Forde Abbey,23,6,1540,,Leigh grange in Somerset,4,13,4,1120,1,,,,,,,,,,,,0.5,,"family from King's Nympton, can't find them tho",,
17,Dennis,,Thomas,,,,,St Nicholas Priory Exeter,25,6,1540,Cadbury,Bowleigh manor free rents,,8,,96,1,,,,,,,,,,,,1,Holcombe Burnell,,1543,
17,Dennis,,Thomas,,,,,St Nicholas Priory Exeter,25,6,1540,Cadbury,Bowleigh manor customary rents,6,6,8,1520,1,,,,,,,,,,,,1,Holcombe Burnell,,1543,
17,Dennis,,Thomas,,,,,St Nicholas Priory Exeter,25,6,1540,Cadbury,Bowleigh manor court,,3,4,40,,,1,,,,,,,,,,1,Holcombe Burnell,,1543,
17,Dennis,,Thomas,,,,,St Nicholas Priory Exeter,25,6,1540,Cheriton Fitzpaine,Comb St Nicholas,,106,8,1280,1,,,,,,,,,,,,1,Holcombe Burnell,,1543,
17,Dennis,,Thomas,,,,,St Nicholas Priory Exeter,25,6,1540,Pinhoe,Pynhoo rents (com),,46,,552,1,,,,,,,,,,,,1,Holcombe Burnell,,1543,
17,Dennis,,Thomas,,,,,St Nicholas Priory Exeter,25,6,1540,Exeter,St Nicholas Priory land (com),,39,12,480,1,,,,,,,,,,,,1,Holcombe Burnell,,1543,
17,Dennis,,Thomas,,,,,St Nicholas Priory Exeter,25,6,1540,Exeter,St Nicholas Priory mills,,26,8,320,,,,,,,1,,,,,,1,Holcombe Burnell,,1543,
17,Dennis,,Thomas,,,,,St Nicholas Priory Exeter,25,6,1540,Modbury,Bramston manor free rents,,16,2.5,194.5,1,,,,,,,,,,,,1,Holcombe Burnell,,1543,
17,Dennis,,Thomas,,,,,St Nicholas Priory Exeter,25,6,1540,Modbury,Bramston manor customary rents,4,4,9,1017,1,,,,,,,,,,,,1,Holcombe Burnell,,1543,
17,Dennis,,Thomas,,,,,Torre Abbey,25,6,1540,Tormoham,Torrewoode Grange,7,3,4,1720,1,,,,,,,,,,,,1,Holcombe Burnell,,1543,
18,Knolles,,Francis,King's Household,,,,Totnes Priory,12,7,1540,Ashprington,Ashprington,,,,0,1,,,,,,,,,,,"no particulars, worth ~27 GBP but sold off quickly",0,,King's Household,,
19,Clerk,,John,Bishop,Bath and Wells,,,"St John's Hospital, Wells",27,9,1540,West Down,"West Down Advowson, Rectory, Property",,,,0,,,,,,,1,,,,,no particulars,0,,Bishop of Bath and Wells,,
20,Southcott,,John,,,,,Buckfast Abbey,23,12,1540,Trusham,Tresme rent,11,2,0.5,2664.5,1,,,,,,,,,,,,1,Bovy Tracy,,1543,
20,Southcott,,John,,,,,Buckfast Abbey,23,12,1540,Trusham,Tresme court,,26,7,319,,,1,,,,,,,,,,1,Bovy Tracy,,1543,
20,Southcott,,John,,,,,Buckfast Abbey,23,12,1540,Buckfastleigh,Kylbury manor,20,12,1.5,4945.5,1,,,,,,,,,,,,1,Bovy Tracy,,1543,
20,Southcott,,John,,,,,Buckfast Abbey,23,12,1540,Widecombe in the Moor,Specheweke,,28,,336,1,,,,,,,,,,,,1,Bovy Tracy,,1543,
20,Southcott,,John,,,,,Torre Abbey,23,12,1540,Exminster,Shillingford Abbots,6,,10,1450,1,,,,,,,,,,,,1,Bovy Tracy,,1543,
20,Southcott,,John,,,,,Torre Abbey,23,12,1540,Exminster,North Shillingford,,53,4,640,1,,,,,,,,,,,,1,Bovy Tracy,,1543,
20,Southcott,,John,,,,,Torre Abbey,23,12,1540,Exminster,North Shillingford court,,36,4,436,,,1,,,,,,,,,,1,Bovy Tracy,,1543,
20,Southcott,,John,,,,,Sherborne Abbey,23,12,1540,Abbotskerswell,Abbotskerswell rents,24,3,6.5,5802.5,1,,,,,,,,,,,,1,Bovy Tracy,,1543,
20,Southcott,,John,,,,,Sherborne Abbey,23,12,1540,Abbotskerswell,Abbotskerswell court,,13,4,160,,,1,,,,,,,,,,1,Bovy Tracy,,1543,
20,Southcott,,John,,,,,Buckfast Abbey,23,12,1540,Trusham,Tresham advowson,0.4,0.3,0.1125,1994.25,,,,,,,1,,,,,,1,Bovy Tracy,,1543,
20,Southcott,,John,,,,,Sherborne Abbey,23,12,1540,Abbotskerswell,Abbotskerswell wood,,20,,240,1,,,,,,,,,,,,1,Bovy Tracy,,1543,
21,Peers,,John,Clerk of the King's Household,,,,Canonsleigh,17,2,1541,Farway,Netherton free rents,,2,6,30,1,,,,,,,,,,,,1,Farway,"""Pery"" as variation of Peers",1543,
21,Peers,,John,Clerk of the King's Household,,,,Canonsleigh,17,2,1541,Farway,Netherton customary rents,8,10,3.75,2043.75,1,,,,,,,,,,,,1,Farway,"""Pery"" as variation of Peers",1543,
21,Peers,,John,Clerk of the King's Household,,,,Canonsleigh,17,2,1541,Farway,Netherton farm of chief messuage with demesne land,6,,,1440,1,,,,,,,,,,,,1,Farway,"""Pery"" as variation of Peers",1543,
21,Peers,,John,Clerk of the King's Household,,,,Canonsleigh,17,2,1541,Farway,Netherton mill and cottage farm,,20,6,246,,,,,,,1,,,1,,,1,Farway,"""Pery"" as variation of Peers",1543,
21,Peers,,John,Clerk of the King's Household,,,,Canonsleigh,17,2,1541,Farway,Netherton mill farm,,10,3,123,1,,,,,,,,,,1,,1,Farway,"""Pery"" as variation of Peers",1543,
21,Peers,,John,Clerk of the King's Household,,,,Canonsleigh,17,2,1541,Farway,Netherton fottage farm,,10,3,123,1,,,,,,,,,,1,,1,Farway,"""Pery"" as variation of Peers",1543,
21,Peers,,John,Clerk of the King's Household,,,,Canonsleigh,17,2,1541,Farway,Sidbury closes,,8,4,100,1,,,,,,,,,,,,1,Farway,"""Pery"" as variation of Peers",1543,
21,Peers,,John,Clerk of the King's Household,,,,Canonsleigh,17,2,1541,Farway,Netherton court,,66,3,795,,,1,,,,,,,,,,1,Farway,"""Pery"" as variation of Peers",1543,
22,Harvey,,Anthony,,,,,Tewkesbury Abbey,15,3,1541,Zeal Monachorum,Losebeare,6,7,9,1533,1,,,,,,,,,,,,0,,Haywood not in Devon,,
22,Harvey,,Anthony,,,,,Tewkesbury Abbey,15,3,1541,Zeal Monachorum,Losebeare,,10,,120,,,1,,,,,,,,,,0,,Haywood not in Devon,,
22,Harvey,,Anthony,,,,,Tewkesbury Abbey,15,3,1541,Cheriton Bishop,Midland rent,,114,1,1369,1,,,,,,,,,,,,0,,Haywood not in Devon,,
22,Harvey,,Anthony,,,,,Tewkesbury Abbey,15,3,1541,Cheriton Bishop,Midland court,,6,8,80,,,1,,,,,,,,,,0,,Haywood not in Devon,,
22,Harvey,,Anthony,,,,,Tewkesbury Abbey,15,3,1541,Sandford,Priorton rents,8,4,1.5,1969.5,1,,,,,,,,,,,,0,,Haywood not in Devon,,
22,Harvey,,Anthony,,,,,Tewkesbury Abbey,15,3,1541,Sandford,Priorton court,,9,3.5,111.5,,,1,,,,,,,,,,0,,Haywood not in Devon,,
22,Harvey,,Anthony,,,,,Tewkesbury Abbey,15,3,1541,Brushford,Abbotesham,,33,4,400,1,,,,,,,,,,,,0,,Haywood not in Devon,,
22,Harvey,,Anthony,,,,,Tewkesbury Abbey,15,3,1541,Winkleigh,Lutehowse,,10,,120,1,,,,,,,,,,,,0,,Haywood not in Devon,,
22,Harvey,,Anthony,,,,,Tewkesbury Abbey,15,3,1541,Winkleigh,Sakyngton,,13,4,160,1,,,,,,,,,,,,0,,Haywood not in Devon,,
23,Canterbury Cathedral Dean and Chapter,,,,,,,Canterbury Cathedral Priory,23,5,1541,Moretonhampstead,Doccombe manor,,,,0,1,,,,,,,,,,,no particulars,0,,,,
24,Grenville,,Richard,,,,,Buckland Abbey,26,5,1541,Buckland Monachorum,Buckland Abbey site and demesne,23,3,5,5561,1,,,,,,,,,,,"""some cornish property"" in next entry not entered b/c not monastic",0.5,Bideford,in Calendar,,
25,Champernon,,Katherine,,,,,Totnes Priory,10,3,1542,Totnes,,17,6,4,4156,1,,,,,,,,,,,"""some cornish property"" in next entry not entered b/c not monastic, land values",0.5,Modbury,Man w/ same last name in Modbury,,
26,Williams,Cromwell,Richard,,,,,Forde Abbey,29,3,1542,Thorncombe,Many small properties,,79,2,950,1,,,,,,,,,,,"lots of properties, all in Thorncombe",0,,,,
27,Harvey,,Anthony,,,,,Plympton Priory,27,4,1542,Sandford,Priorton,8,13,5,2081,1,,,,,,,,,,,,0,,Haywood not in Devon,,
28,,,Thomas,Archbishop,Canterbury,,,Buckland Priory,7,6,1542,Tawstock,Hele manor,,,,0,1,,,,,,,,,,,no particulars,0,,Archbishop,,
29,Andrews,,Richard,,,,,St Nicholas Priory Exeter,17,6,1542,Exminster,Kenbury,,75,8,908,1,,,,,,,,,,,two small properties,0,,Gloucestershire,,
30,Davy,,Robert,Merchant,,,,Merton Priory,15,8,1542,Christow,Canonteigh Manor,14,,,3360,1,,,,,,,,,,,,1,Crediton,,1543,
31,,,,Dean and Chapter,Bristol,,,St Augustine's Abbey,18,11,1542,Halberton,Halberton free rents,,16,2,194,1,,,,,,,,,,,,0,,,,
31,,,,Dean and Chapter,Bristol,,,St Augustine's Abbey,18,11,1542,Halberton,Halberton customary rents,14,4,10.5,3418.5,1,,,,,,,,,,,,0,,,,
31,,,,Dean and Chapter,Bristol,,,St Augustine's Abbey,18,11,1542,Halberton,Halberton court and fines,,11,4,136,,,,,,,1,,,1,,,0,,,,
31,,,,Dean and Chapter,Bristol,,,St Augustine's Abbey,18,11,1542,Halberton,Halberton court,,5.5,2,68,,,1,,,,,,,,1,,0,,,,
31,,,,Dean and Chapter,Bristol,,,St Augustine's Abbey,18,11,1542,Halberton,Halberton fines,,5.5,2,68,,,,1,,,,,,,1,,0,,,,
31,,,,Dean and Chapter,Bristol,,,St Augustine's Abbey,18,11,1542,,Baldwin Marrwod bailiff and steward,,-13,-4,-160,,,,,,1,,,,,,,0,,,,
31,,,,Dean and Chapter,Bristol,,,St Augustine's Abbey,18,11,1542,Halberton,Halberton rectory,33,,,7920,,1,,,,,,,,,,,0,,,,
31,,,,Dean and Chapter,Bristol,,,St Augustine's Abbey,18,11,1542,Broadwoodwidger,Broadwoodwidger rectory,18,,,4320,,1,,,,,,,,,,,0,,,,
32,Colles,,Humphrey,,Barton,,,Pilton,16,3,1543,High Bray,"Myddelcote, Northcote, and Dybwell",4,,0.5,960.5,1,,,,,,,,,1,,land values,0,,,,
32,Colles,,Humphrey,,Barton,,,Pilton,16,3,1543,High Bray,"Myddelcote, Northcote, and Dybwell",2,,0.25,480.25,1,,,,,,,,,,1,land values,0,,,,
32,Colles,,Humphrey,,Barton,,,Pilton,16,3,1543,East Buckland,"Myddelcote, Northcote, and Dybwell",2,,0.25,480.25,1,,,,,,,,,,1,land values,0,,,,
32,Colles,,Humphrey,,Barton,,,Cannington Nunnery,16,3,1543,Goodleigh,Goodleigh rents,,106,,1272,1,,,,,,,,,,,,0,,,,
32,Colles,,Humphrey,,Barton,,,Exeter Franciscans,16,3,1543,Exeter,Grey Friary Exeter,,40,,480,1,,,,,,,,,1,,,0,,,,
33,Leger,St Leger,John,King's Servant,,,,Canonsleigh Abbey,10,6,1543,Burlescombe,Site of Canonsleigh Priory,12,,18,2898,1,,,,,,,,,,1,,0.5,Monkleigh,Man and woman with same last name in Monkleigh,,
33,Leger,St Leger,John,King's Servant,,,,Canonsleigh Abbey,10,6,1543,Burlescombe,Site of Canonsleigh Priory,2.4,,3.6,579.6,1,,,,,,,,,,1,,0.5,Monkleigh,Man and woman with same last name in Monkleigh,,
33,Leger,St Leger,John,King's Servant,,,,Canonsleigh Abbey,10,6,1543,Sampford Peverell,Site of Canonsleigh Priory,2.4,,3.6,579.6,1,,,,,,,,,,1,,0.5,Monkleigh,Man and woman with same last name in Monkleigh,,
33,Leger,St Leger,John,King's Servant,,,,Canonsleigh Abbey,10,6,1543,Halberton,Site of Canonsleigh Priory,2.4,,3.6,579.6,1,,,,,,,,,,1,,0.5,Monkleigh,Man and woman with same last name in Monkleigh,,
33,Leger,St Leger,John,King's Servant,,,,Canonsleigh Abbey,10,6,1543,Holcombe Rogus,Site of Canonsleigh Priory,2.4,,3.6,579.6,1,,,,,,,,,,1,,0.5,Monkleigh,Man and woman with same last name in Monkleigh,,
33,Leger,St Leger,John,King's Servant,,,,Canonsleigh Abbey,10,6,1543,Uffculme,Site of Canonsleigh Priory,2.4,,3.6,579.6,1,,,,,,,,,,1,,0.5,Monkleigh,Man and woman with same last name in Monkleigh,,
33,Leger,St Leger,John,King's Servant,,,,Canonsleigh Abbey,10,6,1543,Hockworthy,Hockeforde Manor,15,30,14,3974,1,,,,,,,,,1,,,0.5,Monkleigh,Man and woman with same last name in Monkleigh,,
33,Leger,St Leger,John,King's Servant,,,,Canonsleigh Abbey,10,6,1543,Hockworthy,Hockeforde Manor,3.75,7.5,3.5,993.5,1,,,,,,,,,,1,,0.5,Monkleigh,Man and woman with same last name in Monkleigh,,
33,Leger,St Leger,John,King's Servant,,,,Canonsleigh Abbey,10,6,1543,Uffculme,Hockeforde Manor,3.75,7.5,3.5,993.5,1,,,,,,,,,,1,,0.5,Monkleigh,Man and woman with same last name in Monkleigh,,
33,Leger,St Leger,John,King's Servant,,,,Canonsleigh Abbey,10,6,1543,Sampford Peverell,Hockeforde Manor,3.75,7.5,3.5,993.5,1,,,,,,,,,,1,,0.5,Monkleigh,Man and woman with same last name in Monkleigh,,
33,Leger,St Leger,John,King's Servant,,,,Canonsleigh Abbey,10,6,1543,Halberton,Hockeforde Manor,3.75,7.5,3.5,993.5,1,,,,,,,,,,1,,0.5,Monkleigh,Man and woman with same last name in Monkleigh,,
33,Leger,St Leger,John,King's Servant,,,,Canonsleigh Abbey,10,6,1543,Hockworthy,Hockeforde Manor Court and Fines,,71,11,863,,,,,,,1,,,1,,,0.5,Monkleigh,Man and woman with same last name in Monkleigh,,
33,Leger,St Leger,John,King's Servant,,,,Canonsleigh Abbey,10,6,1543,Hockworthy,Hockeforde Manor Fines,0,8.875,1.375,107.875,,,,1,,,,,,,1,big split b/t court and fines and 4 locations,0.5,Monkleigh,Man and woman with same last name in Monkleigh,,
33,Leger,St Leger,John,King's Servant,,,,Canonsleigh Abbey,10,6,1543,Uffculme,Hockeforde Manor Fines,0,8.875,1.375,107.875,,,,1,,,,,,,1,,0.5,Monkleigh,Man and woman with same last name in Monkleigh,,
33,Leger,St Leger,John,King's Servant,,,,Canonsleigh Abbey,10,6,1543,Sampford Peverell,Hockeforde Manor Fines,0,8.875,1.375,107.875,,,,1,,,,,,,1,,0.5,Monkleigh,Man and woman with same last name in Monkleigh,,
33,Leger,St Leger,John,King's Servant,,,,Canonsleigh Abbey,10,6,1543,Halberton,Hockeforde Manor Fines,0,8.875,1.375,107.875,,,,1,,,,,,,1,,0.5,Monkleigh,Man and woman with same last name in Monkleigh,,
33,Leger,St Leger,John,King's Servant,,,,Canonsleigh Abbey,10,6,1543,Hockworthy,Hockeforde Manor Court,0,8.875,1.375,107.875,,,1,,,,,,,,1,,0.5,Monkleigh,Man and woman with same last name in Monkleigh,,
33,Leger,St Leger,John,King's Servant,,,,Canonsleigh Abbey,10,6,1543,Uffculme,Hockeforde Manor Court,0,8.875,1.375,107.875,,,1,,,,,,,,1,,0.5,Monkleigh,Man and woman with same last name in Monkleigh,,
33,Leger,St Leger,John,King's Servant,,,,Canonsleigh Abbey,10,6,1543,Sampford Peverell,Hockeforde Manor Court,0,8.875,1.375,107.875,,,1,,,,,,,,1,,0.5,Monkleigh,Man and woman with same last name in Monkleigh,,
33,Leger,St Leger,John,King's Servant,,,,Canonsleigh Abbey,10,6,1543,Halberton,Hockeforde Manor Court,0,8.875,1.375,107.875,,,1,,,,,,,,1,,0.5,Monkleigh,Man and woman with same last name in Monkleigh,,
33,Leger,St Leger,John,King's Servant,,,,Torre Abbey,10,6,1543,Tormoham,Torre Abbey,7,,,1680,1,,,,,,,,,,,,0.5,Monkleigh,Man and woman with same last name in Monkleigh,,
33,Leger,St Leger,John,King's Servant,,,,Torre Abbey,10,6,1543,Cullompton,Cullompton Manor,56,116,17,14849,1,,,,,,,,,,,,0.5,Monkleigh,Man and woman with same last name in Monkleigh,,
33,Leger,St Leger,John,King's Servant,,,,Torre Abbey,10,6,1543,Cullompton,Cullompton Manor Court,,109,6,1314,,,1,,,,,,,,,,0.5,Monkleigh,Man and woman with same last name in Monkleigh,,
33,Leger,St Leger,John,King's Servant,,,,Torre Abbey,10,6,1543,Cullompton,Upton Weaver Manor,25,49,7,6595,1,,,,,,,,,,,,0.5,Monkleigh,Man and woman with same last name in Monkleigh,,
33,Leger,St Leger,John,King's Servant,,,,Torre Abbey,10,6,1543,Cullompton,Upton Weaver Manor Court,,20,,240,,,1,,,,,,,,,,0.5,Monkleigh,Man and woman with same last name in Monkleigh,,
33,Leger,St Leger,John,King's Servant,,,,Torre Abbey,10,6,1543,Burlescombe,Canonsleigh Wood,5.15,0.65,0.2,1244,1,,,,,,,,,,,land values,0.5,Monkleigh,Man and woman with same last name in Monkleigh,,
33,Leger,St Leger,John,King's Servant,,,,Torre Abbey,10,6,1543,Hockworthy,Hockford Wood,,4,,48,1,,,,,,,,,,,land values,0.5,Monkleigh,Man and woman with same last name in Monkleigh,,
33,Leger,St Leger,John,King's Servant,,,,Torre Abbey,10,6,1543,Tormoham,Torre Abbey Wood,,6.75,,81,1,,,,,,,,,,,land values,0.5,Monkleigh,Man and woman with same last name in Monkleigh,,
33,Leger,St Leger,John,King's Servant,,,,Torre Abbey,10,6,1543,Cullompton,Upton Weaver,34,2,6,8190,1,,,,,,,,,,,land values,0.5,Monkleigh,Man and woman with same last name in Monkleigh,,
34,Smyth,,Walter,,Totnes,,,Totnes Priory,3,7,1543,Totnes,Garston and Totton Manors,15,1,6.5,3618.5,1,,,,,,,,,,,,1,Totnes,Others w/ last name in 1524,1543,
34,Smyth,,Walter,,Totnes,,,Totnes Priory,3,7,1543,Totnes,Garston and Totton Manor Courts,,12,4,148,,,1,,,,,,,,,,1,Totnes,Others w/ last name in 1525,1543,
34,Smyth,,Walter,,Totnes,,,Totnes Priory,3,7,1543,Brixham,Brixham Manor,11,11,8,2780,1,,,,,,,,,,,,1,Totnes,Others w/ last name in 1526,1543,
34,Smyth,,Walter,,Totnes,,,Totnes Priory,3,7,1543,Brixham,Brixham Manor Court,,5,10,70,,,1,,,,,,,,,,1,Totnes,Others w/ last name in 1527,1543,
35,Andrews,,Richard,,Hailes Gloucestershire,,,Tavistock Abbey,4,7,1543,Okehampton,Halstock,,21,,252,1,,,,,,,,,,,,0,,in Calendar,,
35,Andrews,,Richard,,Hailes Gloucestershire,,,Tavistock Abbey,4,7,1543,Okehampton,Halstock Wood,,13,4,160,1,,,,,,,,,,,value given as-is; note doesn't indicate purchase value,0,,in Calendar,,
35,Andrews,,Richard,,Hailes Gloucestershire,,,Torre Abbey,4,7,1543,Wolborough,Wolborough Manor,40,,,9600,1,,,,,,,,,,,"""not exceeding"" 40 L",0,,in Calendar,,
35,Andrews,,Richard,,Hailes Gloucestershire,,,Torre Abbey,4,7,1543,Wolborough,Forde,,60,,720,1,,,,,,,,,,,,0,,in Calendar,,
35,Andrews,,Richard,,Hailes Gloucestershire,,,Polsoe Priory,4,7,1543,East Budleigh,Budleigh and Withycombe Raleigh vicarage and chapel,30,,,7200,,1,,,,,,,,1,,,0,,in Calendar,,
35,Andrews,,Richard,,Hailes Gloucestershire,,,Polsoe Priory,4,7,1543,East Budleigh,Budleigh vicarage,15,,,3600,,1,,,,,,,,,1,,0,,in Calendar,,
35,Andrews,,Richard,,Hailes Gloucestershire,,,Polsoe Priory,4,7,1543,Withycombe Raleigh,Withycombe Raleigh chapel,15,,,3600,,1,,,,,,,,,1,,0,,in Calendar,,
36,Savery,,Richard,Merchant,Totnes,,,St Dogmell's Abbey,8,7,1543,Rattery,Rattery Manor and Rectory,20,,,4800,,,,,,,1,,,1,,,1,Totnes,same last name in 1524,1543,
36,Savery,,Richard,Merchant,Totnes,,,St Dogmell's Abbey,8,7,1543,Rattery,Rattery Manor,10,,,2400,1,,,,,,,,,,1,,1,Totnes,same last name in 1524,1543,
36,Savery,,Richard,Merchant,Totnes,,,St Dogmell's Abbey,8,7,1543,Rattery,Rattery Rectory,10,,,2400,,1,,,,,,,,,1,,1,Totnes,same last name in 1524,1543,
36,Savery,,Richard,Merchant,Totnes,,,St Dogmell's Abbey,8,7,1543,Rattery,Rattery Wood,,7.7,,92.4,1,,,,,,,,,,,,1,Totnes,same last name in 1524,1543,
37,Giles,,John,,Totnes,,,Plympton Priory,18,7,1543,Dean Prior,Dean Prior Manor,31,70,23,8303,1,,,,,,,,,,,,1,Totnes,same last name in 1524,1543,
37,Giles,,John,,Totnes,,,Plympton Priory,18,7,1543,Dean Prior,Dean Prior Manor Court,4,6,9.25,1041.25,,,1,,,,,,,,,,1,Totnes,same last name in 1525,1543,
37,Giles,,John,,Totnes,,,Plympton Priory,18,7,1543,Dean Prior,Dean Prior Rectory,8,10,,2040,,1,,,,,,,,,,,1,Totnes,same last name in 1526,1543,
37,Giles,,John,,Totnes,,,Plympton Priory,18,7,1543,Dean Prior,Dean Prior Wood,,13,,156,1,,,,,,,,,,,,1,Totnes,same last name in 1527,1543,
37,Giles,,John,,Totnes,,,Plympton Priory,18,7,1543,Dean Prior,Dean Prior Advowson,1.45,,1,349,,,,,,,1,,,,,,1,Totnes,same last name in 1527,1543,
38,Duke,,Richard,Clerk of Council,Court of Augmentations,,,Dunkeswell Priory,18,7,1543,Colaton Raleigh,Dotton,7,2,8,1712,1,,,,,,,,,,,,0.5,Otterton,"Family in Otterton, grandpa exeter merchant, heir found in 1581",,
38,Duke,,Richard,Clerk of Council,Court of Augmentations,,,Dunkeswell Priory,18,7,1543,Colaton Raleigh,Dotton Chapel Farm,,20,,240,,,,,,,1,,,,,,0.5,Otterton,"Family in Otterton, grandpa exeter merchant, heir found in 1581",,
38,Duke,,Richard,Clerk of Council,Court of Augmentations,,,Dunkeswell Priory,18,7,1543,Colaton Raleigh,Dotton Court,,13,4,160,,,1,,,,,,,,,,0.5,Otterton,"Family in Otterton, grandpa exeter merchant, heir found in 1581",,
38,Duke,,Richard,Clerk of Council,Court of Augmentations,,,Polsoe Priory,18,7,1543,East Budleigh,Budleigh messuage and mill,9,12,3,2307,1,,,,,,,,,,,,0.5,Otterton,"Family in Otterton, grandpa exeter merchant, heir found in 1581",,
38,Duke,,Richard,Clerk of Council,Court of Augmentations,,,Polsoe Priory,18,7,1543,East Budleigh,Budleigh Court,,5,,60,,,1,,,,,,,,,,0.5,Otterton,"Family in Otterton, grandpa exeter merchant, heir found in 1581",,
38,Duke,,Richard,Clerk of Council,Court of Augmentations,,,Dunkeswell Priory,18,7,1543,Colaton Raleigh,Dotton Woods,,0.3,0.4,4,1,,,,,,,,,,,,0.5,Otterton,"Family in Otterton, grandpa exeter merchant, heir found in 1581",,
39,Dennis,,Henry,,,,,Buckfast Abbey,3,8,1543,Petrockstowe,Petrockstowe Manor,7,65,14,2474,1,,,,,,,,,,,,1,Petrockstow,,1543,
39,Dennis,,Henry,,,,,Buckfast Abbey,3,8,1543,Petrockstowe,Petrockstowe Manor Court,,18,10,226,,,1,,,,,,,,,,1,Petrockstow,,1543,
39,Dennis,,Henry,,,,,Buckfast Abbey,3,8,1543,North Bovey,North Bovey,,10,,120,1,,,,,,,,,,,,1,Petrockstow,,1543,
39,Dennis,,Henry,,,,,Buckfast Abbey,3,8,1543,Petrockstowe,Petrockstowe and North Bovey Woods,,5,,60,1,,,,,,,,,,,,1,Petrockstow,,1543,
39,Dennis,,Henry,,,,,Buckfast Abbey,3,8,1543,Petrockstowe,Petrockstowe Woods,,2.5,,30,1,,,,,,,,,,,,1,Petrockstow,,1543,
39,Dennis,,Henry,,,,,Buckfast Abbey,3,8,1543,North Bovey,North Bovey Woods,,2.5,,30,1,,,,,,,,,,,,1,Petrockstow,,1543,
40,Parker,,Richard,,Tavistock,,,Dunkeswell Priory,6,8,1543,Ilfracombe,Lincombe Free Rents,,28,10.5,346.5,1,,,,,,,,,,,,0.5,Tavistock,in Calendar,,
40,Parker,,Richard,,Tavistock,,,Dunkeswell Priory,6,8,1543,Ilfracombe,Lincombe Customary Rents,10,11,6,2538,1,,,,,,,,,,,,0.5,Tavistock,in Calendar,,
40,Parker,,Richard,,Tavistock,,,Dunkeswell Priory,6,8,1543,Ilfracombe,Lincombe court,,13,4,160,,,1,,,,,,,,,,0.5,Tavistock,in Calendar,,
40,Parker,,Richard,,Tavistock,,,Dunkeswell Priory,6,8,1543,Germansweek,Week Langford Free Rents,,32,1,385,1,,,,,,,,,,,"says Broadwoodwidger parish, actually in Germansweek",0.5,Tavistock,in Calendar,,
40,Parker,,Richard,,Tavistock,,,Dunkeswell Priory,6,8,1543,Germansweek,Week Langford Customary Rent,,73,,876,1,,,,,,,,,,,,0.5,Tavistock,in Calendar,,
40,Parker,,Richard,,Tavistock,,,Dunkeswell Priory,6,8,1543,Broadwoodwidger,Morehaleherbe Manor Free Rents,,10,10,130,1,,,,,,,,,,,,0.5,Tavistock,in Calendar,,
40,Parker,,Richard,,Tavistock,,,Dunkeswell Priory,6,8,1543,Broadwoodwidger,Morehaleherbe Manor Customary Rents,,64,5.5,773.5,1,,,,,,,,,,,,0.5,Tavistock,in Calendar,,
40,Parker,,Richard,,Tavistock,,,Dunkeswell Priory,6,8,1543,North Molton,North Molton Rectory,16,,,3840,,1,,,,,,,,,,,0.5,Tavistock,in Calendar,,
40,Parker,,Richard,,Tavistock,,,Dunkeswell Priory,6,8,1543,Somerset,Somerset,31,19,6,7674,1,,,,,,,,,,,,0.5,Tavistock,in Calendar,,
40,Parker,,Richard,,Tavistock,,,Dunkeswell Priory,6,8,1543,,Devon Woods,,1,,12,1,,,,,,,,,,,not specific enough for parish,0.5,Tavistock,in Calendar,,
41,Goodwin,,Thomas,,Plymtree and London,,,Polsoe Priory,26,8,1543,Payhembury,Coxpit Manor Free Rents,,2,6,30,1,,,,,,,,,,,,0.5,Plymtree,in Calendar,,
41,Goodwin,,Thomas,,Plymtree and London,,,Polsoe Priory,26,8,1543,Payhembury,Coxpit Manor Customary Rents,,46,5.5,557.5,1,,,,,,,,,,,,0.5,Plymtree,in Calendar,,
41,Goodwin,,Thomas,,Plymtree and London,,,Polsoe Priory,26,8,1543,Payhembury,Coxpit Messuages,,81,12,984,1,,,,,,,,,,,,0.5,Plymtree,in Calendar,,
41,Goodwin,,Thomas,,Plymtree and London,,,Polsoe Priory,26,8,1543,Payhembury,Coxpit Court,,22,6,270,1,,1,,,,,,,,,,0.5,Plymtree,in Calendar,,
41,Goodwin,,Thomas,,Plymtree and London,,,Polsoe Priory,26,8,1543,Broadclyst,Ashclyst manor free rents,,16,,192,1,,,,,,,,,,,,0.5,Plymtree,in Calendar,,
41,Goodwin,,Thomas,,Plymtree and London,,,Polsoe Priory,26,8,1543,Broadclyst,Ashclyst manor customary rents,7,16,,1872,1,,,,,,,,,,,,0.5,Plymtree,in Calendar,,
41,Goodwin,,Thomas,,Plymtree and London,,,Polsoe Priory,26,8,1543,Broadclyst,Ashclyst messuage and demesne,4,,,960,1,,,,,,,,,,,,0.5,Plymtree,in Calendar,,
41,Goodwin,,Thomas,,Plymtree and London,,,Polsoe Priory,26,8,1543,Broadclyst,Ashclyst court,,5,5,65,,,1,,,,,,,,,,0.5,Plymtree,in Calendar,,
41,Goodwin,,Thomas,,Plymtree and London,,,Polsoe Priory,26,8,1543,Broadclyst,Ashclyst woods,,0.3,0.4,4,1,,,,,,,,,,,,0.5,Plymtree,in Calendar,,
41,Goodwin,,Thomas,,Plymtree and London,,,Polsoe Priory,26,8,1543,Payhembury,Payhembury vicarage,18,5,,4380,,1,,,,,,,,,,,0.5,Plymtree,in Calendar,,
41,Goodwin,,Thomas,,Plymtree and London,,,Polsoe Priory,26,8,1543,Middlesex,Middlesex land,16,5,10,3910,1,,,,,,,,,,,,0.5,Plymtree,in Calendar,,
41,Goodwin,,Thomas,,Plymtree and London,,,Polsoe Priory,26,8,1543,Middlesex,Middlesex wood,,20,,240,1,,,,,,,,,,,,0.5,Plymtree,in Calendar,,
42,Gale,,Thomas,,Dartmouth,,,Torre Abbey,22,2,1544,Kingswear,Kingswear free rents,,13,11.5,167.5,1,,,,,,,,,,,,0.5,Dartmouth,in Calendar,,
42,Gale,,Thomas,,Dartmouth,,,Torre Abbey,22,2,1544,Kingswear,Kingswear customary rents,4,7,2,1046,1,,,,,,,,,,,,0.5,Dartmouth,in Calendar,,
42,Gale,,Thomas,,Dartmouth,,,Torre Abbey,22,2,1544,Kingswear,Kingswear court,,5,8,68,,,1,,,,,,,,,,0.5,Dartmouth,in Calendar,,
43,,,John,Earl,Oxford,,,Forde Abbey,29,4,1544,Thorncombe,Thorncombe manor free rent,,41,,492,1,,,,,,,,,,,,0,,in Calendar,,
43,,,John,Earl,Oxford,,,Forde Abbey,29,4,1544,Thorncombe,Thorncombe manor customary rent,70,11,5,16937,1,,,,,,,,,,,,0,,in Calendar,,
43,,,John,Earl,Oxford,,,Forde Abbey,29,4,1544,Thorncombe,Thorncombe manor chief messuage ,6,4,8,1496,1,,,,,,,,,,,,0,,in Calendar,,
43,,,John,Earl,Oxford,,,Forde Abbey,29,4,1544,Thorncombe,Thorncombe vicar pension,4,,,960,,,,,1,,,,,,,,0,,in Calendar,,
43,,,John,Earl,Oxford,,,Forde Abbey,29,4,1544,Thorncombe,Thorncombe tithes,,40,,480,,1,,,,,,,,,,,0,,in Calendar,,
43,,,John,Earl,Oxford,,,Forde Abbey,29,4,1544,Thorncombe,Thorncombe court,10,10,,2520,,,1,,,,,,,,,,0,,in Calendar,,
43,,,John,Earl,Oxford,,,Forde Abbey,29,4,1544,Thorncombe,Thorncombe vicarage,15,18,8,3824,,1,,,,,,,,,,,0,,in Calendar,,
43,,,John,Earl,Oxford,,,Forde Abbey,29,4,1544,Thorncombe,Thorncombe wood,,55,,660,1,,,,,,,,,,,,0,,in Calendar,,
43,,,John,Earl,Oxford,,,Forde Abbey,29,4,1544,Willand,Willand wood,0.95,0.6,0.3,235.5,1,,,,,,,,,,,,0,,in Calendar,,
44,Baker,,John,,,,,Glastonbury Abbey,23,5,1544,Somerset,Somerset and Devon non-monastic lands,34,16,2.25,8354.25,1,,,,,,,,,,,,?,,,,
44,Baker,,John,,,,,Glastonbury Abbey,23,5,1544,Somerset,Somerset and Devon woods,0.85,0.15,0.5,206.3,1,,,,,,,,,,,,?,,,,
44,Baker,,John,,,,,Glastonbury Abbey,23,5,1544,Somerset,Somerset and Devon advowson,1,0.85,0.3875,250.5875,,,,,,,1,,,,,,?,,,,
44,Baker,,John,,,,,Glastonbury Abbey,23,5,1544,Langtree,Langtree manor,4,9,5,1073,1,,,,,,,,,,,,?,,,,
44,Baker,,John,,,,,Glastonbury Abbey,23,5,1544,Langtree,Langtree rectory,29,1,3,6975,,1,,,,,,,,,,,?,,,,
44,Baker,,John,,,,,Glastonbury Abbey,23,5,1544,Uplyme,Uplyme customary rents,23,,11.25,5531.25,1,,,,,,,,,,,,?,,,,
44,Baker,,John,,,,,Glastonbury Abbey,23,5,1544,Uplyme,Uplyme demesne farm copyhold,,56,36,708,1,,,,,,,,,,,,?,,,,
44,Baker,,John,,,,,Glastonbury Abbey,23,5,1544,Uplyme,Uplyme court,,32,1.25,385.25,,,1,,,,,,,,,,?,,,,
44,Baker,,John,,,,,Glastonbury Abbey,23,5,1544,Uplyme,Uplyme rectory,20,8,11,4907,,1,,,,,,,,,,,?,,,,
44,Baker,,John,,,,,Glastonbury Abbey,23,5,1544,Langtree,Langtree wood,,5,4,64,1,,,,,,,,,,,,?,,,,
44,Baker,,John,,,,,Glastonbury Abbey,23,5,1544,Uplyme,Uplyme wood,,113,4,1360,1,,,,,,,,,,,,?,,,,
45,Fulford,,John,Sir,Dunsford,,,Montacute Priory,11,6,1544,Monkleigh,Monkleigh free and  customary rents,21,11,6.5,5178.5,1,,,,,,,,,,,,0.5,,in Calendar,,
45,Fulford,,John,Sir,Dunsford,,,Montacute Priory,11,6,1544,Monkleigh,Monkleigh wood,1.45,0.65,0.3,356.1,1,,,,,,,,,,,,0.5,,in Calendar,,
45,Fulford,,John,Sir,Dunsford,,,Montacute Priory,11,6,1544,Dunsford,Dunsford manor free rent,,15,,180,1,,,,,,,,,,,,0.5,,in Calendar,,
45,Fulford,,John,Sir,Dunsford,,,Montacute Priory,11,6,1544,Dunsford,Dunsford manor customary rents,12,18,7,3103,1,,,,,,,,,,,,0.5,,in Calendar,,
45,Fulford,,John,Sir,Dunsford,,,Montacute Priory,11,6,1544,Dunsford,Dunsford rectory,9,13,4,2320,,1,,,,,,,,,,,0.5,,in Calendar,,
45,Fulford,,John,Sir,Dunsford,,,Montacute Priory,11,6,1544,Dunsford,Dunsford court,6,13,4,1600,,,1,,,,,,,,,,0.5,,in Calendar,,
45,Fulford,,John,Sir,Dunsford,,,Montacute Priory,11,6,1544,Dunsford,Dunsford wood,0.4,,,96,1,,,,,,,,,,,,0.5,,in Calendar,,
45,Fulford,,John,Sir,Dunsford,,,Montacute Priory,11,6,1544,Exeter,Exeter ,,6,4,76,1,,,,,,,,,,,,0.5,,in Calendar,,
45,Fulford,,John,Sir,Dunsford,,,Montacute Priory,11,6,1544,Somerset,Somerset,,24,4,292,1,,,,,,,,,,,,0.5,,in Calendar,,
45,Fulford,,John,Sir,Dunsford,,,Montacute Priory,11,6,1544,Somerset,Somerset woods,0.1,,,24,1,,,,,,,,,,,,0.5,,in Calendar,,
45,Fulford,,John,Sir,Dunsford,,,Montacute Priory,11,6,1544,Down St Mary,Downe woods,0.2,0.75,,57,1,,,,,,,,,,,,0.5,,in Calendar,,
45,Fulford,,John,Sir,Dunsford,,,Montacute Priory,11,6,1544,Down St Mary,Down St Mary rectory,12,13,7,3043,,1,,,,,,,,,,,0.5,,in Calendar,,
45,Fulford,,John,Sir,Dunsford,,,Montacute Priory,11,6,1544,Somerset,Somerset property,4,,,960,1,,,,,,,,,,,,0.5,,in Calendar,,
45,Fulford,,John,Sir,Dunsford,,,Montacute Priory,11,6,1544,East Worlington,Monkencobleigh rents,,21,8,260,1,,,,,,,,,,,,0.5,,in Calendar,,
45,Fulford,,John,Sir,Dunsford,,,Montacute Priory,11,6,1544,Challacombe,Walworthy rent,,8,,96,1,,,,,,,,,,,,0.5,,in Calendar,,
45,Fulford,,John,Sir,Dunsford,,,Montacute Priory,11,6,1544,Down St Mary,Downe free rent,,8,8,104,1,,,,,,,,,,,,0.5,,in Calendar,,
45,Fulford,,John,Sir,Dunsford,,,Montacute Priory,11,6,1544,Down St Mary,Downe customary rent,11,2,3,2667,1,,,,,,,,,,,,0.5,,in Calendar,,
45,Fulford,,John,Sir,Dunsford,,,Montacute Priory,11,6,1544,Down St Mary,Downe water mill,,30,,360,,,,,,,1,,,,,,0.5,,in Calendar,,
45,Fulford,,John,Sir,Dunsford,,,Montacute Priory,11,6,1544,Down St Mary,Downe barton land,,32,4,388,1,,,,,,,,,,,,0.5,,in Calendar,,
45,Fulford,,John,Sir,Dunsford,,,Montacute Priory,11,6,1544,Down St Mary,Downe court,,26,10,322,,,1,,,,,,,,,,0.5,,in Calendar,,
46,Haydon,,George,,Woodbury and London,Stucley,Hugh,Cannington Priory,14,6,1544,Witheridge,Wytherygge rectory,7,,,1680,,1,,,,,,,,,,,0.5,Woodbury,"in Calendar, name @ Ottery st mary ",,
46,Haydon,,George,,Woodbury and London,Stucley,Hugh,Cannington Priory,14,6,1544,Witheridge,Witheridge cottages,,42,4,508,1,,,,,,,,,,,,0.5,Woodbury,in Calendar,,
46,Haydon,,George,,Woodbury and London,Stucley,Hugh,Cannington Priory,14,6,1544,Broadclyst,Rollecliss tenement,,53,4,640,1,,,,,,,,,,,,0.5,Woodbury,in Calendar,,
46,Haydon,,George,,Woodbury and London,Stucley,Hugh,Cannington Priory,14,6,1544,Clyst St George,Saltemeade messuage,,40,,480,1,,,,,,,,,,,,0.5,Woodbury,in Calendar,,
46,Haydon,,George,,Woodbury and London,Stucley,Hugh,Cannington Priory,14,6,1544,Broadclyst,Broad Clyst and Clyst St George Woods,,0.5,,6,1,,,,,,,,,1,,,0.5,Woodbury,in Calendar,,
46,Haydon,,George,,Woodbury and London,Stucley,Hugh,Cannington Priory,14,6,1544,Broadclyst,Broad Clyst woods,,0.25,,3,1,,,,,,,,,,1,,0.5,Woodbury,in Calendar,,
46,Haydon,,George,,Woodbury and London,Stucley,Hugh,Cannington Priory,14,6,1544,Clyst St George,Clyst St George woods,,0.25,,3,1,,,,,,,,,,1,,0.5,Woodbury,in Calendar,,
46,Haydon,,George,,Woodbury and London,Stucley,Hugh,Cannington Priory,14,6,1544,Sussex,Sussex property,,16,8,200,1,,,,,,,,,,,,0.5,Woodbury,in Calendar,,
47,Walter,,Edmund,Clerk,Petty Bag,,,Buckfast Abbey,1,7,1544,Totnes,Totnes rents,,23,4,280,1,,,,,,,,,,,,?,,,,
48,Rolle,,George,,Stevenstone,Haydon,George,Barlinch,6,8,1544,Dorset,Dorset land,,46,8,560,1,,,,,,,,,,,,0.5,St Giles in the Wood,in Calendar,,
48,Rolle,,George,,Stevenstone,Haydon,George,Barlinch,6,8,1544,Dorset,Dorset wood,,15,,180,1,,,,,,,,,,,,0.5,St Giles in the Wood,in Calendar,,
48,Rolle,,George,,Stevenstone,Haydon,George,Pilton,6,8,1544,Parracombe,"Highley tenements, weirs, and lands",,32,5,232,1,,,,,,,,,,,plus 11 capons,0.5,St Giles in the Wood,in Calendar,,
48,Rolle,,George,,Stevenstone,Haydon,George,Pilton,6,8,1544,Parracombe,Parracombe tenements,,6,24,96,1,,,,,,,,,,,,0.5,St Giles in the Wood,in Calendar,,
48,Rolle,,George,,Stevenstone,Haydon,George,Pilton,6,8,1544,,Ilfracombe,,10,,120,1,,,,,,,,,,,plus 6 capons,0.5,St Giles in the Wood,in Calendar,,
48,Rolle,,George,,Stevenstone,Haydon,George,Pilton,6,8,1544,,Aysheforde tenement,,10,,120,1,,,,,,,,,,,plus 3 capons,0.5,St Giles in the Wood,in Calendar,,
48,Rolle,,George,,Stevenstone,Haydon,George,Pilton,6,8,1544,Pilton,Tittesell tenements,,28,8,344,1,,,,,,,,,,,,0.5,St Giles in the Wood,in Calendar,,
48,Rolle,,George,,Stevenstone,Haydon,George,Pilton,6,8,1544,,Merwoode tenements,,32,8,392,1,,,,,,,,,,,,0.5,St Giles in the Wood,in Calendar,,
48,Rolle,,George,,Stevenstone,Haydon,George,Pilton,6,8,1544,,North Molton tenement,,16,6,198,1,,,,,,,,,,,,0.5,St Giles in the Wood,in Calendar,,
48,Rolle,,George,,Stevenstone,Haydon,George,Pilton,6,8,1544,,North Molton lands,,8,6,102,1,,,,,,,,,,,,0.5,St Giles in the Wood,in Calendar,,
48,Rolle,,George,,Stevenstone,Haydon,George,Pilton,6,8,1544,,Godleigh tenement,,20,,240,1,,,,,,,,,,,,0.5,St Giles in the Wood,in Calendar,,
48,Rolle,,George,,Stevenstone,Haydon,George,Pilton,6,8,1544,,Okeforde pasure,,10,,120,1,,,,,,,,,,,,0.5,St Giles in the Wood,in Calendar,,
48,Rolle,,George,,Stevenstone,Haydon,George,Pilton,6,8,1544,,Highley wood,0.45,0.4,,112.8,1,,,,,,,,,,,,0.5,St Giles in the Wood,in Calendar,,
48,Rolle,,George,,Stevenstone,Haydon,George,Pilton,6,8,1544,,Morebath rectory,0.285714286,,,68.57142864,,1,,,,,,,,,,,0.5,St Giles in the Wood,in Calendar,,
48,Rolle,,George,,Stevenstone,Haydon,George,Pilton,6,8,1544,,Cornwall land,0.95,0.8,,237.6,1,,,,,,,,,,,,0.5,St Giles in the Wood,in Calendar,,
49,Riggs,,William,,,Brown,Leonard,Torre Abbey,17,8,1544,Highweek,Maynebow tenement,,13,4,160,1,,,,,,,,,,,,?,,,,
49,Riggs,,William,,,Brown,Leonard,Torre Abbey,17,8,1544,,Buckland le More tenement,,6,8,80,1,,,,,,,,,,,,?,,,,
49,Riggs,,William,,,Brown,Leonard,Torre Abbey,17,8,1544,,Widcombe tenement,,6,8,80,1,,,,,,,,,,,,?,,,,
49,Riggs,,William,,,Brown,Leonard,Torre Abbey,17,8,1544,,Wulborrough manor court,,30,8,368,,,1,,,,,,,,,,?,,,,
50,Champernon,,Philip,,,Champernon,Arthur,Plympton Priory,19,8,1544,,Martynstow (Maristowe) manor free rent,,31,9,381,1,,,,,,,,,,,,1,Modbury,,"1524, 1543",
50,Champernon,,Philip,,,Champernon,Arthur,Plympton Priory,19,8,1544,,Martynstow (Maristowe) manor customary rent,,79,6,954,1,,,,,,,,,,,,1,Modbury,,"1524, 1543",
50,Champernon,,Philip,,,Champernon,Arthur,Plympton Priory,19,8,1544,,Martynstow demesne,,113,4,1360,1,,,,,,,,,,,,1,Modbury,,"1524, 1543",
50,Champernon,,Philip,,,Champernon,Arthur,Plympton Priory,19,8,1544,,Martynstow court,,12,9.5,153.5,,,1,,,,,,,,,,1,Modbury,,"1524, 1543",
50,Champernon,,Philip,,,Champernon,Arthur,Plympton Priory,19,8,1544,,Merstow wood,2.05,0.95,,503.4,1,,,,,,,,,,,,1,Modbury,,"1524, 1543",
51,Brokylsbye,,Richard,,,Dyon,Lincoln,Pilton,20,8,1544,,Parracombe tenements,,6,24,96,1,,,,,,,,,,,,0,,"in Calendar, Lincolnshire",,
52,Goodwin,,Thomas,,Plymtree and London,,,Hartland,26,9,1544,,Tale and Payhembury manors free rents,,72,,864,1,,,,,,,,,,,,0.5,Plymtree,in Calendar,,
52,Goodwin,,Thomas,,Plymtree and London,,,Hartland,26,9,1544,,"Tale and Payhembury customary, copyhold, and leasehold rents",17,17,7,4291,1,,,,,,,,,,,,0.5,Plymtree,in Calendar,,
52,Goodwin,,Thomas,,Plymtree and London,,,Hartland,26,9,1544,,Tale and Payhembury court,,19,4,232,,,1,,,,,,,,,,0.5,Plymtree,in Calendar,,
52,Goodwin,,Thomas,,Plymtree and London,,,Hartland,26,9,1544,,Sheagh rents,7,9,5,1793,1,,,,,,,,,,,,0.5,Plymtree,in Calendar,,
52,Goodwin,,Thomas,,Plymtree and London,,,Hartland,26,9,1544,,Sheagh court,,12,6,150,,,1,,,,,,,,,,0.5,Plymtree,in Calendar,,
52,Goodwin,,Thomas,,Plymtree and London,,,Hartland,26,9,1544,,Tale and Payhembury woods,0.7,0.2,0.1,170.5,1,,,,,,,,,,,,0.5,Plymtree,in Calendar,,
53,Pope,,John,,,Foster,Anthony,St John's Hospital,26,9,1544,,,,,,0,,,,,,,,,,,,,0,,"in Calendar, London",,
54,Southcot,,John,,Bodmin,Tregonwell,John,St John's Hospital,24,10,1544,Bovey Tracey,Yondeyoe messuage,,26,8,320,1,,,,,,,,,,,,0,,"in Calendar, Cornwall and Dorset",,
54,Southcot,,John,,Bodmin,Tregonwell,John,St John's Hospital,24,10,1544,,Owlecombe cottage,,5,,60,1,,,,,,,,,,,,0,,"in Calendar, Cornwall and Dorset",,
54,Southcot,,John,,Bodmin,Tregonwell,John,St John's Hospital,24,10,1544,Dorset,Property in Dorset,2,14,8,656,1,,,,,,,,,,,,0,,"in Calendar, Cornwall and Dorset",,
55,Keynsham,,George,,,,,Plympton Priory,9,12,1544,Plymstock,Plymstock property,6,10,,1560,1,,,,,,,,,,,,0.5,Brixton,"in Calendar, man with same last name in 1524",,
56,Pope,,John,,,,,Plympton Priory,8,2,1545,Cornwall,Property in Cornwall,14,7,8,3452,1,,,,,,,,,,,,0,,in Calendar,,
56,Pope,,John,,,,,Plympton Priory,8,2,1545,Maker,Cremyll tenement,,43,4,520,1,,,,,,,,,,,,0,,in Calendar,,
57,Popham,,Alexander,,,Halley,William,Buckland,16,2,1545,,Site of Buckland Priory,34,,,8160,1,,,,,,,,,,,,?,,,,
57,Popham,,Alexander,,,Halley,William,Buckland,16,2,1545,,Site of Buckland Priory expenses,,-40,-10,-490,1,,,,,,,,,,,,?,,,,
57,Popham,,Alexander,,,Halley,William,Buckland,16,2,1545,,Brendon Rectory,0.45,0.2,,110.4,,,1,,,,,,,,,,?,,,,
57,Popham,,Alexander,,,Halley,William,Buckland,16,2,1545,,Devon and Somerset Woods,2.1,0.25,,507,1,,,,,,,,,,,,?,,,,
57,Popham,,Alexander,,,Halley,William,Buckland,16,2,1545,Somerset,Somerset property,,15,,180,1,,,,,,,,,,,,?,,,,
57,Popham,,Alexander,,,Halley,William,Buckland,16,2,1545,,Somerset advowsons,9,,5.5,2165.5,,,,,1,,,,,,,,?,,,,
57,Popham,,Alexander,,,Halley,William,Templecombe Preceptory,16,2,1545,Clayhanger,Clayhanger freehold rent,,28,8,344,1,,,,,,,,,,,,?,,,,
57,Popham,,Alexander,,,Halley,William,Templecombe Preceptory,16,2,1545,Clayhanger,Clayhanger customary rents,,65,5,785,1,,,,,,,,,,,,?,,,,
57,Popham,,Alexander,,,Halley,William,Templecombe Preceptory,16,2,1545,Clayhanger,Clayhanger court,,7,4,88,,,1,,,,,,,,,,?,,,,
57,Popham,,Alexander,,,Halley,William,Templecombe Preceptory,16,2,1545,Clayhanger,Clayhanger woods,,3.3,0.4,40,1,,,,,,,,,,,,?,,,,
57,Popham,,Alexander,,,Halley,William,Templecombe Preceptory,16,2,1545,Somerset,Somerset property,11.4,0.55,0.4,2743,1,,,,,,,,,,,,?,,,,
58,Chaplin,,William,,,Selwood,John,Plympton Priory,5,3,1545,Devon,Devon non-monastic land,23,14,1.5,5689.5,1,,,,,,,1,,,,,?,,,,
58,Chaplin,,William,,,Selwood,John,Plympton Priory,5,3,1545,Devon,Devon advowson,1.35,0.4,0.1,328.9,,,,,1,,,,,,,,?,,,,
58,Chaplin,,William,,,Selwood,John,Plympton Priory,5,3,1545,,Wrangton customary rents,6,5,2,1502,1,,,,,,,,,,,,?,,,,
58,Chaplin,,William,,,Selwood,John,Plympton Priory,5,3,1545,,Wrangton sale of works on autumn days,,3,6,42,,,,,,,1,,,,,,?,,,,
58,Chaplin,,William,,,Selwood,John,Plympton Priory,5,3,1545,,Wrangton court,,6,10.5,82.5,,,1,,,,,,,,,,?,,,,
58,Chaplin,,William,,,Selwood,John,Plympton Priory,5,3,1545,,Wrangton wood,,0.5,,6,1,,,,,,,,,,,,?,,,,
58,Chaplin,,William,,,Selwood,John,Hartland,5,3,1545,,Abbots Bickington lease,12,,,2880,1,,,,,,,,,,,,?,,,,
58,Chaplin,,William,,,Selwood,John,Hartland,5,3,1545,,Abbots Bickington priest,-5,,,-1200,,,,,1,,,,,,,,?,,,,
58,Chaplin,,William,,,Selwood,John,Hartland,5,3,1545,,Abbots Bickington wood,0.2,0.15,0.2,50,1,,,,,,,,,,,,?,,,,
58,Chaplin,,William,,,Selwood,John,Hartland,5,3,1545,Somerset,Somerset and Wales property,47,18,5.5,11501.5,1,,,,,,,,,,,,?,,,,
58,Chaplin,,William,,,Selwood,John,Hartland,5,3,1545,,Somerset and Wales woods,4,2,,984,1,,,,,,,,,,,,?,,,,
59,Drake,,John,,,Drake,Margaret,Dunkeswell Priory,18,3,1545,Colaton Raleigh,Boyestoke tenement,7,7,4,1768,1,,,,,,,,,,,,0.5,Exeter,in Calendar,,
59,Drake,,John,,,Drake,Margaret,Polsoe Priory,18,3,1545,,Woryngston manor free rents,,6,1,73,1,,,,,,,,,,,,0.5,Exeter,in Calendar,,
59,Drake,,John,,,Drake,Margaret,Polsoe Priory,18,3,1545,,Woryngston manor customary rents,,116,6,1398,1,,,,,,,,,,,,0.5,Exeter,in Calendar,,
59,Drake,,John,,,Drake,Margaret,Polsoe Priory,18,3,1545,,Woryngston manor court,,13,4,160,,,1,,,,,,,,,,0.5,Exeter,in Calendar,,
59,Drake,,John,,,Drake,Margaret,Polsoe Priory,18,3,1545,,Raplynghays rents,,63,8,764,1,,,,,,,,,,,,0.5,Exeter,in Calendar,,
59,Drake,,John,,,Drake,Margaret,Polsoe Priory,18,3,1545,,Raplynghays court,,6,8,80,,,1,,,,,,,,,,0.5,Exeter,in Calendar,,
60,Litcott,,Christopher,,Taunton,Streitbury,Edward,Taunton,23,3,1545,,Willand rectory,0.35,0.5,0.25,90.25,,1,,,,,,,,,,,0,,in Calendar,,
60,Litcott,,Christopher,,Taunton,Streitbury,Edward,Taunton,23,3,1545,,Willand wood,0.95,0.6,0.3,235.5,1,,,,,,,,,,,,0,,in Calendar,,
60,Litcott,,Christopher,,Taunton,Streitbury,Edward,Taunton,23,3,1545,,Willand manor rents,15,4,9,3657,1,,,,,,,,,,,,0,,in Calendar,,
60,Litcott,,Christopher,,Taunton,Streitbury,Edward,Taunton,23,3,1545,,Willand manor court,,13,4,160,,,1,,,,,,,,,,0,,in Calendar,,
61,Berners,,William,,,,,St John's Hospital Exeter,25,3,1545,,St Martin Exeter tenements,,114,8,1376,1,,,,,,,,,,,,?,,,,
62,Haydon,,John,,,Gibbes,Thomas,St John's Hospital Exeter,2,4,1545,,Exeter city rents,42,15,8,10268,1,,,,,,,,,,,,1,Ottery St Mary,,1543,
62,Haydon,,John,,,Gibbes,Thomas,St Nicholas Priory Exeter,2,4,1545,,Exeter city rents,20,16,2,4994,1,,,,,,,,,,,,1,Ottery St Mary,,1543,
62,Haydon,,John,,,Gibbes,Thomas,St Nicholas Priory Exeter,2,4,1545,,Exeter fair,,20,6,246,,,,,,,1,,,,,,1,Ottery St Mary,,1543,
62,Haydon,,John,,,Gibbes,Thomas,Pilton,2,4,1545,,Exeter stable,,3,,36,1,,,,,,,,,,,,1,Ottery St Mary,,1543,
62,Haydon,,John,,,Gibbes,Thomas,Buckfast Abbey,2,4,1545,,Exeter city rents,,,1,1,1,,,,,,,,,,,,1,Ottery St Mary,,1543,
62,Haydon,,John,,,Gibbes,Thomas,Dunkeswell Priory,2,4,1545,,Exeter city rents,,2,6,30,1,,,,,,,,,,,,1,Ottery St Mary,,1543,
62,Haydon,,John,,,Gibbes,Thomas,Forde Abbey,2,4,1545,,Exeter city rents,,20,,240,1,,,,,,,,,,,,1,Ottery St Mary,,1543,
62,Haydon,,John,,,Gibbes,Thomas,Newenham,2,4,1545,,Exeter city rents,,44,,528,1,,,,,,,,,,,,1,Ottery St Mary,,1543,
62,Haydon,,John,,,Gibbes,Thomas,Plympton Priory,2,4,1545,,Exeter city rents,15,3,3,3639,1,,,,,,,,,,,,1,Ottery St Mary,,1543,
62,Haydon,,John,,,Gibbes,Thomas,Launceston Priory,2,4,1545,,Exeter city rents,,25,8,308,1,,,,,,,,,,,,1,Ottery St Mary,,1543,
62,Haydon,,John,,,Gibbes,Thomas,St John's Hospital Bridgewater,2,4,1545,,Exeter city rents,,2,8,32,1,,,,,,,,,,,,1,Ottery St Mary,,1543,
63,St Hill,,Peter,,Bradninch,,,Canonsleigh Abbey,16,5,1545,Dorset,Dorset property,,93,4,1120,1,,,,,,,,,,,,0.5,Bradninch,in Calendar,,
63,St Hill,,Peter,,Bradninch,,,Canonsleigh Abbey,16,5,1545,Dorset,Rockbeare free rents,,18,,216,1,,,,,,,,,,,,0.5,Bradninch,in Calendar,,
63,St Hill,,Peter,,Bradninch,,,Canonsleigh Abbey,16,5,1545,Dorset,Rockbeare customary rents,12,4,1,2929,1,,,,,,,,,,,,0.5,Bradninch,in Calendar,,
63,St Hill,,Peter,,Bradninch,,,Canonsleigh Abbey,16,5,1545,Dorset,Rockbeare demesne leased to tenants,7,18,4,1900,1,,,,,,,,,,,,0.5,Bradninch,in Calendar,,
63,St Hill,,Peter,,Bradninch,,,Canonsleigh Abbey,16,5,1545,Dorset,Rockbeare court,,33,4.5,400.5,,,1,,,,,,,,,,0.5,Bradninch,in Calendar,,
63,St Hill,,Peter,,Bradninch,,,Canonsleigh Abbey,16,5,1545,Dorset,Rockbeare tithes,6,13,4,1600,,1,,,,,,,,,,,0.5,Bradninch,in Calendar,,
63,St Hill,,Peter,,Bradninch,,,Canonsleigh Abbey,16,5,1545,Dorset,Rockbeare woods,0.4,0.3,0.4,100,1,,,,,,,,,,,,0.5,Bradninch,in Calendar,,
64,Gresham,,Richard,,London,Billingforde,Richard,Dunkeswell Priory,7,6,1545,Honiton,Honiton tenement,,20,,240,1,,,,,,,,,,,,0,,"in Calendar, London",,
65,Beryff,,William,,Colchester,Multon,John,St Nicholas Priory Exeter,5,7,1545,,Poughill rent,,26,1,313,1,,,,,,,,,,,,0,,"in Calendar, Colchester",,
65,Beryff,,William,,Colchester,Multon,John,St Nicholas Priory Exeter,5,7,1545,Somerset,Somerset property,,18,,216,1,,,,,,,,,,,,0,,"in Calendar, Colchester",,
65,Beryff,,William,,Colchester,Multon,John,St Nicholas Priory Exeter,5,7,1545,,Poughill woods,,0.15,0.2,2,1,,,,,,,,,,,,0,,"in Calendar, Colchester",,
66,Loosemore,,George,,Tiverton,Strangman,John,Templecombe Preceptory,10,7,1545,,Templeton free rents,,21,,252,1,,,,,,,,,,,,1,Tiverton,same name guy in 1524,1543,
66,Loosemore,,George,,Tiverton,Strangman,John,Templecombe Preceptory,10,7,1545,,Templeton manor customary rents,6,14,7.5,1615.5,1,,,,,,,,,,,,1,Tiverton,same name guy in 1524,1543,
66,Loosemore,,George,,Tiverton,Strangman,John,Templecombe Preceptory,10,7,1545,,Templeton rectory pension,,26,,312,,,,,1,,,,,,,,1,Tiverton,same name guy in 1524,1543,
66,Loosemore,,George,,Tiverton,Strangman,John,Templecombe Preceptory,10,7,1545,,Templeton manor court,,6,8,80,,,1,,,,,,,,,,1,Tiverton,same name guy in 1524,1543,
66,Loosemore,,George,,Tiverton,Strangman,John,Templecombe Preceptory,10,7,1545,,Templeton woods,0.25,0.15,0.2,62,1,,,,,,,,,,,,1,Tiverton,same name guy in 1524,1543,
66,Loosemore,,George,,Tiverton,Strangman,John,Templecombe Preceptory,10,7,1545,,Templeton rectory,0.4,0.75,,105,,,,,1,,,,,,,,1,Tiverton,same name guy in 1524,1543,
67,Gaverock,,John,,Newton Abbot,Gaverock,Joan,Torre Abbey,1,9,1545,,Wulborrough free rents,,34,8,416,1,,,,,,,,,,,,1,Newton Abbot,same name guy in 1524,1543,
67,Gaverock,,John,,Newton Abbot,Gaverock,Joan,Torre Abbey,1,9,1545,,Wullborough customary rents,22,17,3,5487,1,,,,,,,,,,,,1,Newton Abbot,same name guy in 1524,1543,
67,Gaverock,,John,,Newton Abbot,Gaverock,Joan,Torre Abbey,1,9,1545,,Wullborough meadow,,113,,1356,1,,,,,,,,,,,,1,Newton Abbot,same name guy in 1524,1543,
67,Gaverock,,John,,Newton Abbot,Gaverock,Joan,Torre Abbey,1,9,1545,,Wullborough court,,40,,480,,,1,,,,,,,,,,1,Newton Abbot,same name guy in 1524,1543,
67,Gaverock,,John,,Newton Abbot,Gaverock,Joan,Torre Abbey,1,9,1545,,"Fee to John Gaverock, purchaser of this land lol",,-60,,-720,,,,,,1,,,,,,,1,Newton Abbot,same name guy in 1524,1543,
67,Gaverock,,John,,Newton Abbot,Gaverock,Joan,Torre Abbey,1,9,1545,,Wolborough woods,1.95,,,468,1,,,,,,,,,,,,1,Newton Abbot,same name guy in 1524,1543,
68,,,John,Earl,Bath,,,Dunkeswell Priory,5,9,1545,Shropshire,Shropshire property,80,13,8,19364,1,,,,,,,,,,,,0,,in Calendar,,
68,,,John,Earl,Bath,,,Dunkeswell Priory,5,9,1545,Shropshire,Shropshire woods,15.15,0.3,0.4,3640,1,,,,,,,,,,,,0,,in Calendar,,
68,,,John,Earl,Bath,,,Dunkeswell Priory,5,9,1545,Shropshire,Shropshire advowson,1.85,0.65,0.3,452.1,,,,,1,,,,,,,,0,,in Calendar,,
68,,,John,Earl,Bath,,,Dunkeswell Priory,5,9,1545,Devon,Devon advowson,1.7,0.3,0.4,412,,,,,1,,,,,,,,0,,in Calendar,,
68,,,John,Earl,Bath,,,Dunkeswell Priory,5,9,1545,,Hackpen free rents,,16,,192,1,,,,,,,,,,,,0,,in Calendar,,
68,,,John,Earl,Bath,,,Dunkeswell Priory,5,9,1545,,Hackpen customary rents,31,18,6.75,7662.75,1,,,,,,,,,,,,0,,in Calendar,,
68,,,John,Earl,Bath,,,Dunkeswell Priory,5,9,1545,,Leynor (Hackpen?) farm,,40,,480,1,,,,,,,,,,,,0,,in Calendar,,
68,,,John,Earl,Bath,,,Dunkeswell Priory,5,9,1545,,Hackpen court,,28,4,340,,,1,,,,,,,,,,0,,in Calendar,,
68,,,John,Earl,Bath,,,Dunkeswell Priory,5,9,1545,Sheldon,Sheldon free rents,,3,,36,1,,,,,,,,,,,,0,,in Calendar,,
68,,,John,Earl,Bath,,,Dunkeswell Priory,5,9,1545,Sheldon,Sheldon customary rents,12,2,1,2905,1,,,,,,,,,,,,0,,in Calendar,,
68,,,John,Earl,Bath,,,Dunkeswell Priory,5,9,1545,Sheldon,Sheldon grange,,100,8,1208,1,,,,,,,,,,,,0,,in Calendar,,
68,,,John,Earl,Bath,,,Dunkeswell Priory,5,9,1545,Sheldon,Sheldon court,,16,8,200,,,1,,,,,,,,,,0,,in Calendar,,
68,,,John,Earl,Bath,,,Dunkeswell Priory,5,9,1545,,Cleyhydon and Hemmyocke free rents,,4,6,54,1,,,,,,,,,,,,0,,in Calendar,,
68,,,John,Earl,Bath,,,Dunkeswell Priory,5,9,1545,,Cleyhydon and Hemmyocke customary rents,10,2,3.5,2427.5,1,,,,,,,,,,,,0,,in Calendar,,
68,,,John,Earl,Bath,,,Dunkeswell Priory,5,9,1545,,Buckeland Roche,,53,4,640,1,,,,,,,,,,,,0,,in Calendar,,
68,,,John,Earl,Bath,,,Dunkeswell Priory,5,9,1545,,Boleham court,,13,4,160,,,1,,,,,,,,,,0,,in Calendar,,
68,,,John,Earl,Bath,,,Dunkeswell Priory,5,9,1545,,Edward Garland bailiff and collector of rents for Hackepen and Sheldon and St Hill,,-66,-8,-800,,,,,,1,,,,,,,0,,in Calendar,,
68,,,John,Earl,Bath,,,Dunkeswell Priory,5,9,1545,,Hackpen wood,1.85,0.15,0.2,446,1,,,,,,,,,,,,0,,in Calendar,,
69,Coffin,,James,,,Goodwin,Thomas,Plympton Priory,9,9,1545,St Thomas Exeter,Marsh near Exeter,11,6,2,2714,1,,,,,,,,,,,,?,,,,
69,Coffin,,James,,,Goodwin,Thomas,Plympton Priory,9,9,1545,,Newton St Cyres,,3,4,40,1,,,,,,,,,,,,?,,,,
69,Coffin,,James,,,Goodwin,Thomas,Plympton Priory,9,9,1545,,Marsh woods,,3,,36,1,,,,,,,,,,,,?,,,,
70,Slanning,,John,,,Slanning,Elizabeth,Buckland,21,9,1545,,Bickleigh vicarage,0.55,0.2,0.45,134.85,,,,,1,,,,,,,,1,,,,
70,Slanning,,John,,,Slanning,Elizabeth,Buckland,21,9,1545,,Bickleigh rents,14,5,4,3424,1,,,,,,,,,,,,1,,,,
70,Slanning,,John,,,Slanning,Elizabeth,Buckland,21,9,1545,,Bickleigh  mills,4,6,8,1040,,,,,,,1,,,,,,1,,,,
70,Slanning,,John,,,Slanning,Elizabeth,Buckland,21,9,1545,,Sheagh rents,9,19,3,2391,1,,,,,,,,,,,,1,,,,
70,Slanning,,John,,,Slanning,Elizabeth,Buckland,21,9,1545,,Sheagh court,,23,4,280,,,1,,,,,,,,,,1,,,,
70,Slanning,,John,,,Slanning,Elizabeth,Buckland,21,9,1545,,John Talbot bailiff,,26,8,320,,,,,,1,,,,,,,1,,,,
70,Slanning,,John,,,Slanning,Elizabeth,Buckland,21,9,1545,,Simon Lawry tithingman,,6,8,80,,,,,,1,,,,,,,1,,,,
70,Slanning,,John,,,Slanning,Elizabeth,Buckland,21,9,1545,,Bickleigh and Sheaghe woods,0.75,0.5,,186,1,,,,,,,,,,,,1,,,,
71,,,Elizabeth,Countess,Bath,Darcy,Thomas,Crediton Collegiate Church,22,9,1545,Crediton,Crediton rent,17,18,,4296,1,,,,,,,,,,,,0,,in Calendar,,
71,,,Elizabeth,Countess,Bath,Darcy,Thomas,Crediton Collegiate Church,22,9,1545,,Crediton prebend pension,24,10,5,5885,,,,,1,,,,,,,,0,,in Calendar,,
71,,,Elizabeth,Countess,Bath,Darcy,Thomas,Crediton Collegiate Church,22,9,1545,,Aysshreigney rectory pension,,26,8,320,,,,,1,,,,,,,,0,,in Calendar,,
71,,,Elizabeth,Countess,Bath,Darcy,Thomas,Crediton Collegiate Church,22,9,1545,,Colrudge tithe,8,6,8,2000,,1,,,,,,,,,,,0,,in Calendar,,
71,,,Elizabeth,Countess,Bath,Darcy,Thomas,Crediton Collegiate Church,22,9,1545,,Crediton tithe,12,11,8,3020,,1,,,,,,,,,,,0,,in Calendar,,
71,,,Elizabeth,Countess,Bath,Darcy,Thomas,Crediton Collegiate Church,22,9,1545,Cornwall,Lanaunt,73,,,17520,,1,,,,,,,,,,,0,,in Calendar,,
71,,,Elizabeth,Countess,Bath,Darcy,Thomas,Crediton Collegiate Church,22,9,1545,,Crediton vicarage offerings,29,5,4,7024,,1,,,,,,,,,,,0,,in Calendar,,
71,,,Elizabeth,Countess,Bath,Darcy,Thomas,Crediton Collegiate Church,22,9,1545,,Henstyll prebend,12,18,5,3101,,,,,1,,,,,,,,0,,in Calendar,,
71,,,Elizabeth,Countess,Bath,Darcy,Thomas,Crediton Collegiate Church,22,9,1545,,Credy prebend,8,16,10,2122,,,,,1,,,,,,,,0,,in Calendar,,
71,,,Elizabeth,Countess,Bath,Darcy,Thomas,Crediton Collegiate Church,22,9,1545,,Stowford prebend,13,6,8,3200,,,,,1,,,,,,,,0,,in Calendar,,
71,,,Elizabeth,Countess,Bath,Darcy,Thomas,Crediton Collegiate Church,22,9,1545,,Rydge prebend,12,,,2880,,,,,1,,,,,,,,0,,in Calendar,,
71,,,Elizabeth,Countess,Bath,Darcy,Thomas,Crediton Collegiate Church,22,9,1545,,Pruscombe prebend,11,10,,2760,,,,,1,,,,,,,,0,,in Calendar,,
71,,,Elizabeth,Countess,Bath,Darcy,Thomas,Crediton Collegiate Church,22,9,1545,,Woodlande prebend,11,,,2640,,,,,1,,,,,,,,0,,in Calendar,,
71,,,Elizabeth,Countess,Bath,Darcy,Thomas,Crediton Collegiate Church,22,9,1545,,Wolgrave,26,6,9.5,6321.5,,,,,,,,,1,,,,0,,in Calendar,,
71,,,Elizabeth,Countess,Bath,Darcy,Thomas,Crediton Collegiate Church,22,9,1545,,Weststamford,8,,,1920,,,,,,,,,1,,,,0,,in Calendar,,
71,,,Elizabeth,Countess,Bath,Darcy,Thomas,Crediton Collegiate Church,22,9,1545,,Aller,12,,,2880,,,,,,,,,1,,,,0,,in Calendar,,
71,,,Elizabeth,Countess,Bath,Darcy,Thomas,Crediton Collegiate Church,22,9,1545,,Carswyll,15,,16,3616,,,,,,,,,1,,,,0,,in Calendar,,
71,,,Elizabeth,Countess,Bath,Darcy,Thomas,Crediton Collegiate Church,22,9,1545,,Crosse,10,,,2400,,,,,,,,,1,,,,0,,in Calendar,,
71,,,Elizabeth,Countess,Bath,Darcy,Thomas,Crediton Collegiate Church,22,9,1545,,Pole,22,,,5280,,,,,,,,,1,,,,0,,in Calendar,,
72,Rolle,,George,,Stevenstone,Adams,Nicholas,Dunkeswell Priory,28,9,1545,,Buckland Bruer free rents,,24,10,298,1,,,,,,,,,,,,0.5,St Giles in the Wood,in Calendar,,
72,Rolle,,George,,Stevenstone,Adams,Nicholas,Dunkeswell Priory,28,9,1545,,Buckland Bruer customary rents,22,8,5,5381,1,,,,,,,,,,,,0.5,St Giles in the Wood,in Calendar,,
72,Rolle,,George,,Stevenstone,Adams,Nicholas,Dunkeswell Priory,28,9,1545,,Buckland Bruer court,,16,8,200,,,1,,,,,,,,,,0.5,St Giles in the Wood,in Calendar,,
72,Rolle,,George,,Stevenstone,Adams,Nicholas,Dunkeswell Priory,28,9,1545,,John John bailiff,,-20,,-240,,,,,,1,,,,,,,0.5,St Giles in the Wood,in Calendar,,
72,Rolle,,George,,Stevenstone,Adams,Nicholas,Dunkeswell Priory,28,9,1545,,Buckland Bruer woods,1.1,0.25,0.4,267.4,1,,,,,,,,,,,,0.5,St Giles in the Wood,in Calendar,,
72,Rolle,,George,,Stevenstone,Adams,Nicholas,Torre Abbey,28,9,1545,,Tunstall manor free rents,,21,10,262,1,,,,,,,,,,,,0.5,St Giles in the Wood,in Calendar,,
72,Rolle,,George,,Stevenstone,Adams,Nicholas,Torre Abbey,28,9,1545,,Tunstall rents,4,2,10,994,1,,,,,,,,,,,,0.5,St Giles in the Wood,in Calendar,,
72,Rolle,,George,,Stevenstone,Adams,Nicholas,Torre Abbey,28,9,1545,,Cliston Dartmouth rents,,18,,216,1,,,,,,,,,,,,0.5,St Giles in the Wood,in Calendar,,
72,Rolle,,George,,Stevenstone,Adams,Nicholas,Torre Abbey,28,9,1545,,Hardnes rents,,9,12,120,1,,,,,,,,,,,,0.5,St Giles in the Wood,in Calendar,,
72,Rolle,,George,,Stevenstone,Adams,Nicholas,Torre Abbey,28,9,1545,,Tunstall tenements,,18,8,224,1,,,,,,,,,,,,0.5,St Giles in the Wood,in Calendar,,
72,Rolle,,George,,Stevenstone,Adams,Nicholas,Torre Abbey,28,9,1545,,Hardnes tenements,,10,,120,1,,,,,,,,,,,,0.5,St Giles in the Wood,in Calendar,,
72,Rolle,,George,,Stevenstone,Adams,Nicholas,Pilton,28,9,1545,,Pilton town rents,12,12,6,3030,1,,,,,,,,,,,,0.5,St Giles in the Wood,in Calendar,,
72,Rolle,,George,,Stevenstone,Adams,Nicholas,Pilton,28,9,1545,,Barnstaple rents,,24,10,298,1,,,,,,,,,,,,0.5,St Giles in the Wood,in Calendar,,
72,Rolle,,George,,Stevenstone,Adams,Nicholas,Pilton,28,9,1545,,Pilton rents,,48,8,584,1,,,,,,,,,,,,0.5,St Giles in the Wood,in Calendar,,
72,Rolle,,George,,Stevenstone,Adams,Nicholas,Frithelstock Priory,28,9,1545,,Torryton rents,,10,,120,1,,,,,,,,,,,,0.5,St Giles in the Wood,in Calendar,,
72,Rolle,,George,,Stevenstone,Adams,Nicholas,Buckfast Abbey,28,9,1545,,East Teignmouth rents,,2,,24,1,,,,,,,,,,,,0.5,St Giles in the Wood,in Calendar,,
73,,,,Parishioners,Ottery St Mary,,,Collegiate Church of Ottery St Mary,24,12,1545,,Ottery St Mary rectory,4.45,0.95,0.1,1079.5,,1,,,,,,,,,,,0,,,,
74,Arundell,,Thomas,,,,,,16,1,1546,,East Allington,26.5,0.3,0.025,6363.625,,,,,,,,,1,,,no particulars,?,,,,
75,Petre,,William,Sir,,Petre,Ann,Buckfast Abbey,25,1,1546,,Churchstow free rents,,63,2.25,758.25,1,,,,,,,,,,,,?,,,,
75,Petre,,William,Sir,,Petre,Ann,Buckfast Abbey,25,1,1546,,Churchstow customary rents,16,12,,3984,1,,,,,,,,,,,,?,,,,
75,Petre,,William,Sir,,Petre,Ann,Buckfast Abbey,25,1,1546,,Churchstow messuage,21,,,5040,1,,,,,,,,,,,,?,,,,
75,Petre,,William,Sir,,Petre,Ann,Buckfast Abbey,25,1,1546,,Churchstow court,,44,9,537,,,1,,,,,,,,,,?,,,,
76,Abbot,,William,Sergeant,,,,Tavistock Abbey,30,1,1546,Cornwall,Cornwall property,,16,,192,1,,,,,,,,,,,,?,,,,
76,Abbot,,William,Sergeant,,,,Tavistock Abbey,30,1,1546,St Mary Exeter,St Mary Exeter,6,6,8,1520,1,,,,,,,,,,,,?,,,,
76,Abbot,,William,Sergeant,,,,Hartland Abbey,30,1,1546,,Hartland Abbey site,22,15,,5460,1,,,,,,,,,,,,?,,,,
76,Abbot,,William,Sergeant,,,,Hartland Abbey,30,1,1546,,Stoke St Nectan rents,,52,2,626,1,,,,,,,,,,,,?,,,,
76,Abbot,,William,Sergeant,,,,Hartland Abbey,30,1,1546,,More Stoke St Nectan rents,8,18,,2136,1,,,,,,,,,,,,?,,,,
76,Abbot,,William,Sergeant,,,,Hartland Abbey,30,1,1546,,Mannesley Tosbery Tyttysbery Grendycke and Filham rents,3,,18,738,1,,,,,,,,,,,,?,,,,
76,Abbot,,William,Sergeant,,,,Hartland Abbey,30,1,1546,,Hartland wood,1.3,0.7,,320.4,1,,,,,,,,,,,,?,,,,
77,Gunter,,James,,,Westcott,Henry,Canonsleigh Abbey,6,3,1546,,Uplowman tenements and rents,2,11,11.25,623.25,1,,,,,,,,,,,,?,,,,
77,Gunter,,James,,,Westcott,Henry,Canonsleigh Abbey,6,3,1546,,Whiteston parish tenement,,17,,204,1,,,,,,,,,,,,?,,,,
77,Gunter,,James,,,Westcott,Henry,Canonsleigh Abbey,6,3,1546,,Knoweston and Molland rectory,8,,,1920,,,,,,,,,1,,,,?,,,,
78,Twynhoo,,Edward,,,Watson,John,Dunkeswell Priory,19,3,1546,Colaton Raleigh,Colaton Abbot Manor,41.7,,0.175,10008.175,,,,,,,,,1,,,no particulars,0,,in Calendar,,
79,,,,Bishop,Exeter,,,St Nicholas Priory Exeter,23,3,1546,Hampshire,Hampshire property,32,7,8,7772,1,,,,,,,,,,,,0,,bishop,,
79,,,,Bishop,Exeter,,,St Nicholas Priory Exeter,23,3,1546,,Pinhoe and Bramford Speke rectory,13,,,3120,,1,,,,,,,,,,,0,,bishop,,
79,,,,Bishop,Exeter,,,St Nicholas Priory Exeter,23,3,1546,London,London property,21,,16,5056,1,,,,,,,,,,,,0,,bishop,,
80,Charles,,John,,Tavistock,Parker,Richard,Plympton,29,3,1546,,Watervale free rent,,7,8.5,92.5,1,,,,,,,,,,,,1,,,1543,
80,Charles,,John,,Tavistock,Parker,Richard,Plympton,29,3,1546,,Watervale customary rents,6,19,8,1676,1,,,,,,,,,,,,1,,,1543,
80,Charles,,John,,Tavistock,Parker,Richard,Plympton,29,3,1546,,Watervale court,,8,4,100,,,1,,,,,,,,,,1,,,1543,
80,Charles,,John,,Tavistock,Parker,Richard,Plympton,29,3,1546,,Watervale wood,0.3,0.4,,76.8,1,,,,,,,,,,,,1,,,1543,
81,Crymes,,Richard,,London,Crymes,Elizabeth,Buckland Abbey,21,4,1546,,Buckland manor rents,59,15,7.5,14347.5,1,,,,,,,,,,,,0,,in Calendar,,
81,Crymes,,Richard,,London,Crymes,Elizabeth,Buckland Abbey,21,4,1546,,Buckland manor court,,76,8,920,,,1,,,,,,,,,,0,,in Calendar,,
81,Crymes,,Richard,,London,Crymes,Elizabeth,Buckland Abbey,21,4,1546,,Walter Langesforde bailiff,,-40,,-480,,,,,,1,,,,,,,0,,in Calendar,,
81,Crymes,,Richard,,London,Crymes,Elizabeth,Buckland Abbey,21,4,1546,,Buckland Monachorum rectory,18,,,4320,,1,,,,,,,,,,,0,,in Calendar,,
81,Crymes,,Richard,,London,Crymes,Elizabeth,Buckland Abbey,21,4,1546,,Buckland Monachorum vicarage,0.9,0.9,0.425,227.225,,,,,1,,,,,,,,0,,in Calendar,,
81,Crymes,,Richard,,London,Crymes,Elizabeth,Buckland Abbey,21,4,1546,,Buckland woods,1.6,0.65,0.3,392.1,1,,,,,,,,,,,,0,,in Calendar,,
82,,,Edward,Earl,Hertford,,,,20,5,1546,,Ottery St Mary manor,124,85,10.375,30790.375,1,,,,,,,,,,,calculated gross income,0,,in Calendar,,
82,,,Edward,Earl,Hertford,,,,20,5,1546,,John Thomas bailiff,-3,-10,-4,-844,,,,,,1,,,,,,,0,,in Calendar,,
82,,,Edward,Earl,Hertford,,,,20,5,1546,,Thomas Denys chief steward,,-40,,-480,,,,,,1,,,,,,,0,,in Calendar,,
82,,,Edward,Earl,Hertford,,,,20,5,1546,,John Heydon understeward,,-20,,-240,,,,,,1,,,,,,,0,,in Calendar,,
82,,,Edward,Earl,Hertford,,,,20,5,1546,,John Heydon annuity,-4,,,-960,,,,,,1,,,,,,,0,,in Calendar,,
82,,,Edward,Earl,Hertford,,,,20,5,1546,,George Stowford auditor,,-10,,-120,,,,,,1,,,,,,,0,,in Calendar,,
82,,,Edward,Earl,Hertford,,,,20,5,1546,,Parchment,,-3,,-36,,,,,,,1,,,,,,0,,in Calendar,,
82,,,Edward,Earl,Hertford,,,,20,5,1546,,Gloves,,,-2,-2,,,,,,,1,,,,,,0,,in Calendar,,
82,,,Edward,Earl,Hertford,,,,20,5,1546,,Earl of Devon rent,,,-2,-2,1,,,,,,,,,,,,0,,in Calendar,,
82,,,Edward,Earl,Hertford,,,,20,5,1546,,Forde in Iplepen parish,,66,8,800,1,,,,,,,,,,,,0,,in Calendar,,
82,,,Edward,Earl,Hertford,,,,20,5,1546,,Forde collector,,-2,,-24,,,,,,1,,,,,,,0,,in Calendar,,
82,,,Edward,Earl,Hertford,,,,20,5,1546,,Exeter messuage,,19,,228,1,,,,,,,,,,,,0,,in Calendar,,
82,,,Edward,Earl,Hertford,,,,20,5,1546,,Chellesworthie in Hollesworthy,,32,,384,1,,,,,,,,,,,,0,,in Calendar,,
82,,,Edward,Earl,Hertford,,,,20,5,1546,,Chellesworthie collector,,-2,,-24,,,,,,1,,,,,,,0,,in Calendar,,
82,,,Edward,Earl,Hertford,,,,20,5,1546,,Ottery St Mary tithes,84,74,23,21071,,1,,,,,,,,,,,0,,in Calendar,,
82,,,Edward,Earl,Hertford,,,,20,5,1546,,Ottery St Mary collector,,-29,-4,-352,,,,,,1,,,,,,,0,,in Calendar,,
82,,,Edward,Earl,Hertford,,,,20,5,1546,,Ottery St Mary syn prox,,-9,-1,-109,,,,,1,,,,,,,,0,,in Calendar,,
82,,,Edward,Earl,Hertford,,,,20,5,1546,,Sidbury vicar pension,,-9,,-108,,,,,1,,,,,,,,0,,in Calendar,,
82,,,Edward,Earl,Hertford,,,,20,5,1546,,Ottery St Mary bishop visitation,,-6,-8,-80,,,,,1,,,,,,,,0,,in Calendar,,
82,,,Edward,Earl,Hertford,,,,20,5,1546,,Ottery St Mary church light,,-13,-4,-160,,,,,1,,,,,,,,0,,in Calendar,,
82,,,Edward,Earl,Hertford,,,,20,5,1546,,Iplepen tithes,67,19,12,16320,,1,,,,,,,,,,,0,,in Calendar,,
82,,,Edward,Earl,Hertford,,,,20,5,1546,,Iplepen vicar pension,-26,-13,-4,-6400,,,,,1,,,,,,,,0,,in Calendar,,
82,,,Edward,Earl,Hertford,,,,20,5,1546,,Iplepen alms,,-6,-8,-80,,,,,,,1,,,,,,0,,in Calendar,,
82,,,Edward,Earl,Hertford,,,,20,5,1546,,Ilsington tithes,16,19,12,4080,,1,,,,,,,,,,,0,,in Calendar,,
82,,,Edward,Earl,Hertford,,,,20,5,1546,,Ilsington alms,,-15,-6,-186,,,,,,,1,,,,,,0,,in Calendar,,
82,,,Edward,Earl,Hertford,,,,20,5,1546,,Northam tithes,35,20,,8640,,1,,,,,,,,,,,0,,in Calendar,,
82,,,Edward,Earl,Hertford,,,,20,5,1546,,Northam vicar,-10,,,-2400,,,,,1,,,,,,,,0,,in Calendar,,
82,,,Edward,Earl,Hertford,,,,20,5,1546,,Northam bailiff,,-10,,-120,,,,,,1,,,,,,,0,,in Calendar,,
82,,,Edward,Earl,Hertford,,,,20,5,1546,,Pensions (combined),-210,-16,-1,-50593,,,,,1,,,,,,,,0,,in Calendar,,
83,Petre,,William,,,,,,10,7,1546,,Brent manor free rents,8,17,3,2127,1,,,,,,,,,,,,1,,Father in Torbryan 1543,,
83,Petre,,William,,,,,,10,7,1546,,Brent manor customary rents,105,15,7.25,25387.25,1,,,,,,,,,,,,1,,Father in Torbryan 1544,,
83,Petre,,William,,,,,,10,7,1546,,Brent manor court,4,,,960,,,1,,,,,,,,,,1,,Father in Torbryan 1545,,
83,Petre,,William,,,,,,10,7,1546,,Leonard Clynche bailiff,,-20,,-240,,,,,,1,,,,,,,1,,Father in Torbryan 1546,,
83,Petre,,William,,,,,,10,7,1546,,Brent rectory,1,,,240,,1,,,,,,,,,,,1,,Father in Torbryan 1547,,
83,Petre,,William,,,,,,10,7,1546,,Brent vicarage,1.45,0.7,0.225,356.625,,,,,1,,,,,,,,1,,Father in Torbryan 1548,,
83,Petre,,William,,,,,,10,7,1546,,Oxfordshire and Warwickshire property,71,,10.5,17050.5,1,,,,,,,,,,,,1,,Father in Torbryan 1549,,
84,Fry,,John,,,,,,10,8,1546,,Manybowe manor free rents,13,16,3.5,3315.5,1,,,,,,,,,,,,0,,in Calendar,,
84,Fry,,John,,,,,,10,8,1546,,Manybowe customary rents,,18,4,220,1,,,,,,,,,,,,0,,in Calendar,,
84,Fry,,John,,,,,,10,8,1546,,Manybowe court,,2,4,28,,,1,,,,,,,,,,0,,in Calendar,,
84,Fry,,John,,,,,,10,8,1546,,Seaton manor rents,13,16,3.5,3315.5,1,,,,,,,,,,,,0,,in Calendar,,
84,Fry,,John,,,,,,10,8,1546,,"Seaton ""larder rent""",,14,4.75,172.75,,,,,,,,,1,,,"2x as much, charged every other year",0,,in Calendar,,
84,Fry,,John,,,,,,10,8,1546,,Seaton court,,31,4,376,,,1,,,,,,,,,,0,,in Calendar,,
84,Fry,,John,,,,,,10,8,1546,,Seaton bailiff,,-13,-4,-160,,,,,,1,,,,,,,0,,in Calendar,,
84,Fry,,John,,,,,,10,8,1546,,Beare alias Seaton tithes,7,,,1680,,1,,,,,,,,,,,0,,in Calendar,,
85,Goodwin,,Thomas,,,,,,10,8,1546,,Webbenton manor rents,9,3,5,2201,1,,,,,,,,,,,,0.5,Plymtree,in Calendar,,
85,Goodwin,,Thomas,,,,,,10,8,1546,,Webbenton court,,3,4,40,,,1,,,,,,,,,,0.5,Plymtree,in Calendar,,
85,Goodwin,,Thomas,,,,,,10,8,1546,,Cornewood Towne manor rents,,48,4,580,1,,,,,,,,,,,,0.5,Plymtree,in Calendar,,
85,Goodwin,,Thomas,,,,,,10,8,1546,,Woodburye parish free rents,,32,1,385,1,,,,,,,,,,,,0.5,Plymtree,in Calendar,,
85,Goodwin,,Thomas,,,,,,10,8,1546,,Woodburye parish customary rents,13,17,11,3335,1,,,,,,,,,,,,0.5,Plymtree,in Calendar,,
85,Goodwin,,Thomas,,,,,,10,8,1546,,Woodburye court,,33,4,400,,,1,,,,,,,,,,0.5,Plymtree,in Calendar,,
85,Goodwin,,Thomas,,,,,,10,8,1546,,Payhembury rent,,51,8,620,1,,,,,,,,,,,,0.5,Plymtree,in Calendar,,
85,Goodwin,,Thomas,,,,,,10,8,1546,,Broadhembury rent,,16,,192,1,,,,,,,,,,,,0.5,Plymtree,in Calendar,,
85,Goodwin,,Thomas,,,,,,10,8,1546,,Fen tenement,,18,11,227,1,,,,,,,,,,,,0.5,Plymtree,in Calendar,,
85,Goodwin,,Thomas,,,,,,10,8,1546,,Owrehills rent,,30,,360,1,,,,,,,,,,,,0.5,Plymtree,in Calendar,,
85,Goodwin,,Thomas,,,,,,10,8,1546,,Barton land called Bradley,,15,,180,1,,,,,,,,,,,,0.5,Plymtree,in Calendar,,
85,Goodwin,,Thomas,,,,,,10,8,1546,,Land called Bradleis,,20,,240,1,,,,,,,,,,,,0.5,Plymtree,in Calendar,,
85,Goodwin,,Thomas,,,,,,10,8,1546,,Court proceeds,,6,,72,,,1,,,,,,,,,,0.5,Plymtree,in Calendar,,
86,Etheridge,,John,,,,,,7,9,1546,,Kerswell rents,,62,1.5,745.5,1,,,,,,,,,,,,0.5,Broadhembury,in Calendar,,
86,Etheridge,,John,,,,,,7,9,1546,,Delvett rents,6,7,2.5,1526.5,1,,,,,,,,,,,,0.5,Broadhembury,in Calendar,,
86,Etheridge,,John,,,,,,7,9,1546,,Kerswell demesne,6,5,4,1504,1,,,,,,,,,,,,0.5,Broadhembury,in Calendar,,
86,Etheridge,,John,,,,,,7,9,1546,,Kerswell court,,13,,156,,,1,,,,,,,,,,0.5,Broadhembury,in Calendar,,
86,Etheridge,,John,,,,,,7,9,1546,,Kerswell woods,1.35,0.1,0.3,325.5,1,,,,,,,,,,,,0.5,Broadhembury,in Calendar,,
87,Grenville,,Richard,,,Bluett,Roger,,,,1546,,,,,,0,,,,,,,,,,,,,0.5,1,in Calendar,,1
88,Wotton,,William,,Harberton,Wotton,John,,,,1546,,,,,,0,,,,,,,,,,,,,1,Harberton,,"1524, 1543",
89,Slanning,,John,,,Butler,Anthony,,,,1546,,,,,,0,,,,,,,,,,,,,?,,,,
90,Isham,,Giles,,London,Isham,Gregory,,,,1546,,,,,,0,,,,,,,,,,,,,0,,"in Calendar, London",,
91,Bellow,,John,,,Broxholme,John,,,,1546,,,,,,0,,,,,,,,,,,,,0,,"in Calendar, London and Lincolnshire",,
92,Bellingham,,Edward,,,,,,,,1547,,,,,,0,,,,,,,,,,,,,?,,,,
93,,,,Parishioners,Crediton,,,,,,1547,,,,,,0,,,,,,,,,,,,,0,,not individual,,
94,Wriothesley,,Thomas,,,,,,,,1547,,,,,,0,,,,,,,,,,,,,0,,,,
95,,,,Dean and Canons,Chapel of St George in Windsor,,,,,,1547,,,,,,0,,,,,,,,,,,,,0,,not individual,,
96,Wriothesley,,Thomas,Earl,Southampton,,,,,,1548,,,,,,0,,,,,,,,,,,,,0,,,,
97,Heneage,,Thomas,,,Willoughby,William,,,,1548,,,,,,0,,,,,,,,,,,,,0,,"in Calendar, Lincolnshire",,
98,Keyleway,,Giles,,,Leonard,William,,,,1549,,,,,,0,,,,,,,,,,,,,0,,"in Calendar, Dorset and Somerset",,
99,Dudley,,John,Earl,Warwick,,,,,,1549,,,,,,0,,,,,,,,,,,,,0,,,,
100,Venables,,Richard,,,Maynard,John,,,,1549,,,,,,0,,,,,,,,,,,,,?,,,,
101,Fountain,,William,,,Mayne,Richard,,,,1550,,,,,,0,,,,,,,,,,,,,1,,,,
102,Sadler,,Ralph,,,Wennington,Laurence,,,,1550,,,,,,0,,,,,,,,,,,,,?,,,,
103,Fynes,,Edward,,,,,,,,1551,,,,,,0,,,,,,,,,,,,,0,,in Calendar,,
104,Darcy,,Thomas,,,,,,,,1551,,,,,,0,,,,,,,,,,,,,0,,,,
105,Darcy,,Arthur,,,,,,,,1551,,,,,,0,,,,,,,,,,,,,0,,,,
106,Fynes,,Edward,,,,,,,,1552,,,,,,0,,,,,,,,,,,,,0,,,,
107,Palmer,,Thomas,,,,,,,,1552,,,,,,0,,,,,,,,,,,,,?,,,,
108,Cavendish,,William,,,,,,,,1552,,,,,,0,,,,,,,,,,,,,?,,,,
109,Erle,,Walter,,,,,,,,1552,,,,,,0,,,,,,,,,,,,,0.5,,in bio,,
110,Petre,,John,,,,,,,,1552,,,,,,0,,,,,,,,,,,,,1,Torbryan,,,
111,Fynes,,Edward,,,Herdson,Henry,,,,1552,,,,,,0,,,,,,,,,,,,,0,,in Calendar,,
112,Ridgeway,,John,,,Petre,John,,,,1553,,,,,,0,,,,,,,,,,,,,1,Newton Abbot,,1543,
113,Waldron,,Ralph,,,Waldron,John,,,,1553,,,,,,0,,,,,,,,,,,,,1,Tiverton,"""Walrond""",1543,
114,Reve,,Thomas,,,Cotton,George,,,,1553,,,,,,0,,,,,,,,,,,,,0,,in Calendar,,
115,Hassard,,John,,,Hassard,Nicholas,,,,1553,,,,,,0,,,,,,,,,,,,,0,,"in Calendar, Essex",,
116,Southcot,,John,,Bovey Tracy,,,,,,1553,,,,,,0,,,,,,,,,,,,,1,Bovy Tracy,,1543,
117,Waste,,John,,,Gratwick,Roger,,,,1553,,,,,,0,,,,,,,,,,,,,0,,"in Calendar, Sussex",,
118,Chamond,,Richard,,,Prideaux,Roger,,,,1553,,,,,,0,,,,,,,,,,,,,0,,in bio,,
119,Cowper,,Edward,,,Fairweather,Valentine,,,,1553,,,,,,0,,,,,,,,,,,,,0,,in Calendar,,
120,Wright,,John,,,Holmes,Thomas,,,,1553,,,,,,0,,,,,,,,,,,,,0,,in Calendar,,
121,Seymour,,Edward,,,,,,,,1553,,,,,,0,,,,,,,,,,,,,1,Berry Pomeroy,Thomas Seymour nearby,1581,
122,Grey,,Thomas,Lord,,,,,,,1553,,,,,,0,,,,,,,,,,,,,0,,in bio,,
123,,,Gertrude,Marchioness,Exeter,,,,,,1553,,,,,,0,,,,,,,,,,,,,0,,in bio,,
124,Gravener,,Elizabeth,,,,,,,,1554,,,,,,0,,,,,,,,,,,,,0,,in Calendar,,
125,Green,,John,,,,,,,,1554,,,,,,0,,,,,,,,,,,,,0,,in Calendar,,
126,Gage,,John,Sir,,,,,,,1555,,,,,,0,,,,,,,,,,,,,?,,,,
127,Gate,,Henry,Sir,,Gate,Lucy,,,,1555,,,,,,0,,,,,,,,,,,,,0,,in bio,,
128,Cheke,,John,Sir,,Osbourne,Peter,,,,1557,,,,,,0,,,,,,,,,,,,,0,,in bio,,
129,Portman,,Henry,,,Dyer,John,,,,1557,,,,,,0,,,,,,,,,,,,,0,,in Calendar,,
130,Yarde,,Thomas,Esquire,,Calmady,Vincent,,,,1557,,,,,,0,,,,,,,,,,,,,0.5,,in Calendar,,
131,Northcote,,Walter,,,Northcote,John,,,,1557,,,,,,0,,,,,,,,,,,,,1,Crediton,,,
132,Drake,,John,Esquire,,Drake,Bernard,,,,1557,,,,,,0,,,,,,,,,,,,,1,Musbury,,,
133,Eliot,,John,,,,,,,,1557,,,,,,0,,,,,,,,,,,,,?,,,,
134,Petre,,William,Sir,,,,,,,1558,,,,,,0,,,,,,,,,,,,,1,,father in Torbryan,,
135,Becher,,Henry,,,Butler,George,,,,1558,,,,,,0,,,,,,,,,,,,,0,,"in Calendar, London and Surrey",,
136,Reve,,Thomas,,,Pynde,Nicholas,,,,1558,,,,,,0,,,,,,,,,,,,,0,,"in Calendar, London",,
137,Curwen,,Richard,,,Hudson,John,,,,1558,,,,,,0,,,,,,,,,,,,,0,,"in Calendar, Lancashire",,
