Parish (or part of parish),User-selected,Hundred,Hundred code,Hundred order,Market Town?,Other Towns,Deanery (old),Deanery code,Modern District,Modern District code,Inhabited houses,Families,Popn 1831,Males over 20,Farmers with workers,"Farmers, no workers",Agric labourers,Industrial,"Craft, commerce",Profess-ionals etc,Non-agric labourers,Others,Servants,Farmers with workers,"Farmers, no workers",Agric labourers,Industrial,"Craft, commerce",Profess-ionals etc,Non-agric labourers,Others,Servants,Males >20 'weighting',"Farming, total",Non-agric employment,Profess-ionals etc,Others,GPI,GPI as % of Devon,,,
Abbots Bickington,,Black Torrington,3,1,,,Holsworthy,9,Torridge,9,13,14,77,19,2,0,17,0,0,0,0,0,0,11%,0%,89%,0%,0%,0%,0%,0%,0%,1.05,100%,0%,0%,0%,0.3,61%,,,
Abbotsham,,Shebbear,24,1,,,Hartland,8,Torridge,9,75,76,387,87,17,3,37,0,11,2,10,7,0,20%,3%,43%,0%,13%,2%,11%,8%,0%,0.96,66%,24%,2%,8%,0.41,84%,,GPI weighting factors (value to local economy compared to an agricultural labourer),
Abbotskerswell,,Haytor,17,1,,,Ipplepen,11,Teignbridge,5,93,93,442,92,12,7,51,0,16,6,0,0,0,13%,8%,55%,0%,17%,7%,0%,0%,0%,0.89,76%,17%,7%,0%,0.43,87%,,1,Agricultural labourers
Alphington,,Wonford,32,1,,Medium,Kenn,12,Exeter,1,237,258,"1,236",325,25,17,93,0,84,44,41,13,8,8%,5%,29%,0%,26%,14%,13%,4%,2%,1.12,42%,41%,14%,4%,0.69,141%,,3,Farmers who employed labourers
Alverdiscott,,Fremington,13,1,,,Hartland,8,Torridge,9,67,67,339,83,17,3,38,0,9,2,11,3,0,20%,4%,46%,0%,11%,2%,13%,4%,0%,1.04,70%,24%,2%,4%,0.45,92%,,2,Farmers who did not employ labourers
Alwington,,Shebbear,24,2,,,Hartland,8,Torridge,9,85,86,486,111,8,6,46,0,22,3,10,16,0,7%,5%,41%,0%,20%,3%,9%,14%,0%,0.97,54%,29%,3%,14%,0.4,81%,,1.5,Industrial workers
Arlington,,Shirwell,25,1,,,Shirwell,17,North Devon,10,39,40,235,61,13,7,14,0,10,4,2,4,7,21%,11%,23%,0%,16%,7%,3%,7%,11%,1.1,56%,31%,7%,7%,0.6,123%,,2.5,Craft and retail trade workers
Ashburton,,Teignbridge,29,1,Yes,,Moreton,13,Teignbridge,5,513,797,"4,165","1,046",69,24,262,130,306,67,134,45,9,7%,2%,25%,12%,29%,6%,13%,4%,1%,1.07,34%,55%,6%,4%,0.55,112%,,8,"Professionals, entrepreneurs etc"
Ashbury,,Black Torrington,3,2,,,Okehampton,14,West Devon,8,8,9,74,12,4,1,6,0,0,1,0,0,0,33%,8%,50%,0%,0%,8%,0%,0%,0%,0.69,92%,0%,8%,0%,0.38,77%,,1.5,Non-agricultural labourers
Ashcombe,,Exminster,12,1,,,Kenn,12,Teignbridge,5,51,61,320,97,7,0,57,0,26,1,0,5,1,7%,0%,59%,0%,27%,1%,0%,5%,1%,1.29,66%,28%,1%,5%,0.49,101%,,1,"Others (incl retired, sick etc)"
Ashford,,Braunton,4,1,,,Shirwell,17,North Devon,10,24,24,99,25,12,0,11,0,2,0,0,0,0,48%,0%,44%,0%,8%,0%,0%,0%,0%,1.07,92%,8%,0%,0%,0.53,107%,,1.5,Servants
Ashprington,,Coleridge,8,1,,,Totnes,24,South Hams,4,115,118,549,115,14,1,49,0,21,5,15,6,4,12%,1%,43%,0%,18%,4%,13%,5%,3%,0.89,56%,35%,4%,5%,0.4,82%,,,
Ashreigney / Ring Ash,,North Tawton & Winkleigh,28,1,,Medium,Torrington,23,Torridge,9,206,208,"1,038",247,47,15,137,0,39,0,8,1,0,19%,6%,55%,0%,16%,0%,3%,0%,0%,1.01,81%,19%,0%,0%,0.4,82%,,,
Ashton,,Exminster,12,2,,,Dunsford,7,Teignbridge,5,50,57,333,88,19,12,26,0,15,1,15,0,0,22%,14%,30%,0%,17%,1%,17%,0%,0%,1.12,65%,34%,1%,0%,0.53,107%,,,
Ashwater,,Black Torrington,3,3,,,Holsworthy,9,Torridge,9,159,159,862,233,67,3,122,0,31,1,9,0,0,29%,1%,52%,0%,13%,0%,4%,0%,0%,1.15,82%,17%,0%,0%,0.5,101%,,,
Atherington,,North Tawton & Winkleigh,28,2,,,Barnstaple,2,North Devon,10,114,117,592,147,28,0,71,0,34,1,6,5,2,19%,0%,48%,0%,23%,1%,4%,3%,1%,1.06,67%,29%,1%,3%,0.45,91%,,,
Aveton Gifford,,Ermington,11,1,,,Woodleigh,25,South Hams,4,178,180,939,217,22,9,118,0,51,3,1,5,8,10%,4%,54%,0%,24%,1%,0%,2%,4%,0.98,69%,28%,1%,2%,0.4,81%,,,
Awliscombe,,Hemyock,18,1,,,Dunkeswell,6,East Devon,6,103,115,598,166,29,11,89,0,25,5,0,0,7,17%,7%,54%,0%,15%,3%,0%,0%,4%,1.18,78%,19%,3%,0%,0.52,106%,,,
Axminster (incl Beerhall),1,Axminster,1,1,Yes,,Honiton,10,East Devon,6,522,562,"2,719",597,67,32,218,1,167,37,15,33,27,11%,5%,37%,0%,28%,6%,3%,6%,5%,0.93,53%,35%,6%,6%,0.48,97%,,,
Axmouth (incl Horsedown),4,Axminster,1,2,,,Honiton,10,East Devon,6,91,112,646,137,20,5,75,0,17,2,5,11,2,15%,4%,55%,0%,12%,1%,4%,8%,1%,0.9,73%,18%,1%,8%,0.35,71%,,,
Aylesbeare (excl Newton Poppleford),,East Budleigh,5,1,,,Aylesbeare,1,East Devon,6,78,78,437,145,20,50,48,0,19,1,5,2,0,14%,34%,33%,0%,13%,1%,3%,1%,0%,1.41,81%,17%,1%,1%,0.62,128%,,,
Bampton,,Bampton,2,1,Yes,,Tiverton,22,Mid Devon,7,368,407,"1,961",491,49,22,184,9,134,12,51,26,4,10%,4%,37%,2%,27%,2%,10%,5%,1%,1.07,52%,40%,2%,5%,0.47,97%,,,
Barnstaple,,Braunton,4,2,Yes,,Barnstaple,2,North Devon,10,"1,081","1,357","6,840","1,445",6,4,53,86,865,108,187,109,27,0%,0%,4%,6%,60%,7%,13%,8%,2%,0.9,4%,81%,7%,8%,0.54,109%,,,
Beaford,,Shebbear,24,3,,,Torrington,23,Torridge,9,111,111,624,137,17,0,73,0,31,2,8,6,0,12%,0%,53%,0%,23%,1%,6%,4%,0%,0.93,66%,28%,1%,4%,0.38,77%,,,
Beaworthy,,Black Torrington,3,4,,,Okehampton,14,West Devon,8,56,63,339,90,19,3,51,0,14,0,3,0,0,21%,3%,57%,0%,16%,0%,3%,0%,0%,1.13,81%,19%,0%,0%,0.45,93%,,,
Beer,3,Colyton,9,10,,,Honiton,10,East Devon,6,114,124,600,129,10,4,36,0,40,14,17,2,6,8%,3%,28%,0%,31%,11%,13%,2%,5%,0.92,39%,49%,11%,2%,0.54,110%,,,
Belstone,,Black Torrington,3,5,,,Okehampton,14,West Devon,8,37,39,206,50,5,15,17,3,5,0,0,5,0,10%,30%,34%,6%,10%,0%,0%,10%,0%,1.03,74%,16%,0%,10%,0.41,83%,,,
Bere Ferrers (incl Bere Alston),,Roborough,23,2,Historically,,Tamerton,19,West Devon,8,330,347,"1,876",382,56,5,189,0,56,7,48,7,14,15%,1%,49%,0%,15%,2%,13%,2%,4%,0.87,65%,31%,2%,2%,0.35,72%,,,
Berry Pomeroy,,Haytor,17,2,,Medium,Ipplepen,11,South Hams,4,122,222,"1,186",313,15,1,107,0,124,7,30,23,6,5%,0%,34%,0%,40%,2%,10%,7%,2%,1.12,39%,51%,2%,7%,0.5,103%,,,
Berrynarbour,,Braunton,4,3,,,Shirwell,17,North Devon,10,153,165,794,188,23,13,71,0,42,2,17,20,0,12%,7%,38%,0%,22%,1%,9%,11%,0%,1.01,57%,31%,1%,11%,0.42,86%,,,
Bickington,,Teignbridge,29,2,,,Moreton,13,Teignbridge,5,57,63,351,76,20,0,30,1,12,0,13,0,0,26%,0%,39%,1%,16%,0%,17%,0%,0%,0.92,66%,34%,0%,0%,0.4,82%,,,
Bickleigh (near Plymouth),,Roborough,23,3,,,Tamerton,19,South Hams,4,69,78,466,129,13,5,59,0,26,4,17,5,0,10%,4%,46%,0%,20%,3%,13%,4%,0%,1.18,60%,33%,3%,4%,0.51,103%,,,
Bickleigh (near Tiverton),,Hayridge,16,1,,,Tiverton,22,Mid Devon,7,64,64,323,90,12,2,47,0,18,2,8,0,1,13%,2%,52%,0%,20%,2%,9%,0%,1%,1.19,68%,30%,2%,0%,0.5,102%,,,
Bicton (excl Dotton),,East Budleigh,5,3,,,Aylesbeare,1,East Devon,6,32,45,213,45,5,1,29,0,5,1,0,4,0,11%,2%,64%,0%,11%,2%,0%,9%,0%,0.9,78%,11%,2%,9%,0.33,68%,,,
Bideford,,Shebbear,24,4,Yes,,Hartland,8,Torridge,9,916,995,"4,846","1,070",17,6,101,0,452,97,204,157,36,2%,1%,9%,0%,42%,9%,19%,15%,3%,0.94,12%,65%,9%,15%,0.53,109%,,,
Bigbury,,Ermington,11,2,,,Woodleigh,25,South Hams,4,109,110,578,145,14,8,81,0,27,2,1,11,1,10%,6%,56%,0%,19%,1%,1%,8%,1%,1.07,71%,20%,1%,8%,0.41,84%,,,
Bishops Nympton,,Witheridge,31,1,,Medium,South Molton,18,North Devon,10,196,206,"1,116",284,35,15,146,0,67,1,0,20,0,12%,5%,51%,0%,24%,0%,0%,7%,0%,1.08,69%,24%,0%,7%,0.43,87%,,,
Bishops Tawton,,South Molton,20,3,,Large,Barnstaple,2,North Devon,10,269,304,"1,641",392,23,22,139,0,83,48,30,21,26,6%,6%,35%,0%,21%,12%,8%,5%,7%,1.02,47%,35%,12%,5%,0.58,118%,,,
Bishopsteignton,,Exminster,12,3,,Medium,Kenn,12,Teignbridge,5,195,202,"1,085",231,21,2,126,0,44,14,14,2,8,9%,1%,55%,0%,19%,6%,6%,1%,3%,0.91,65%,29%,6%,1%,0.41,85%,,,
Bittadon,,Braunton,4,4,,,Shirwell,17,North Devon,10,8,10,57,13,2,0,10,0,0,0,0,1,0,15%,0%,77%,0%,0%,0%,0%,8%,0%,0.97,92%,0%,0%,8%,0.3,61%,,,
Black Torrington,,Black Torrington,3,6,,Medium,Holsworthy,9,Torridge,9,208,210,"1,083",239,27,26,98,0,40,2,11,35,0,11%,11%,41%,0%,17%,1%,5%,15%,0%,0.94,63%,21%,1%,15%,0.37,75%,,,
Blackawton,,Coleridge,8,2,,Medium,Totnes,24,South Hams,4,212,271,"1,477",351,36,7,157,0,75,5,25,46,0,10%,2%,45%,0%,21%,1%,7%,13%,0%,1.01,57%,28%,1%,13%,0.4,82%,,,
Bondleigh,,North Tawton & Winkleigh,28,5,,,Chulmleigh,5,West Devon,8,62,63,339,81,19,0,53,0,6,0,0,3,0,23%,0%,65%,0%,7%,0%,0%,4%,0%,1.02,89%,7%,0%,4%,0.38,77%,,,
Bovey Tracey,,Teignbridge,29,4,Historically,,Moreton,13,Teignbridge,5,319,352,"1,697",426,34,0,237,0,103,5,18,19,10,8%,0%,56%,0%,24%,1%,4%,4%,2%,1.07,64%,31%,1%,4%,0.41,84%,,,
Bow (or Nymet Tracy),,North Tawton & Winkleigh,28,3,Historically,,Chulmleigh,5,Mid Devon,7,181,205,962,232,10,7,66,0,66,18,43,22,0,4%,3%,28%,0%,28%,8%,19%,9%,0%,1.03,36%,47%,8%,9%,0.53,107%,,,
"Boyton (Mostly Cornwall, but Northcott = Devon)",,Black Torrington,3,7,,,Trigg Major (Cornwall),26,Torridge,9,18,19,105,30,5,6,16,0,3,0,0,0,0,17%,20%,53%,0%,10%,0%,0%,0%,0%,1.22,90%,10%,0%,0%,0.48,98%,,,
Bradford,,Black Torrington,3,8,,,Holsworthy,9,Torridge,9,83,83,487,118,30,0,59,0,15,0,5,8,1,25%,0%,50%,0%,13%,0%,4%,7%,1%,1.03,75%,18%,0%,7%,0.42,85%,,,
Bradninch,,Hayridge,16,2,Historically,,Plymtree,16,Mid Devon,7,310,315,"1,524",398,35,7,170,0,147,9,2,26,2,9%,2%,43%,0%,37%,2%,1%,7%,1%,1.11,53%,38%,2%,7%,0.5,102%,,,
Bradstone,,Lifton,19,1,,,Tavistock,20,West Devon,8,18,25,162,45,6,0,20,0,7,1,4,7,0,13%,0%,44%,0%,16%,2%,9%,16%,0%,1.18,58%,24%,2%,16%,0.47,97%,,,
Bradworthy,,Black Torrington,3,9,,Medium,Holsworthy,9,Torridge,9,170,184,"1,027",239,38,13,147,0,21,1,6,13,0,16%,5%,62%,0%,9%,0%,3%,5%,0%,0.99,83%,11%,0%,5%,0.36,74%,,,
Brampford Speke,,Wonford,32,2,,,Cadbury,3,East Devon,6,67,69,374,90,10,4,38,0,19,4,1,5,9,11%,4%,42%,0%,21%,4%,1%,6%,10%,1.02,58%,32%,4%,6%,0.47,96%,,,
Branscombe,5,Colyton,9,1,,,Aylesbeare,1,East Devon,6,169,185,829,205,18,3,102,0,49,2,11,12,8,9%,1%,50%,0%,24%,1%,5%,6%,4%,1.05,60%,33%,1%,6%,0.41,84%,,,
Bratton Clovelly,,Lifton,19,2,,,Okehampton,14,West Devon,8,127,127,787,208,38,4,125,0,30,1,6,4,0,18%,2%,60%,0%,14%,0%,3%,2%,0%,1.12,80%,17%,0%,2%,0.44,89%,,,
Bratton Fleming,,Braunton,4,5,,,Shirwell,17,North Devon,10,89,103,534,136,26,3,76,0,25,2,0,0,4,19%,2%,56%,0%,18%,1%,0%,0%,3%,1.08,77%,21%,1%,0%,0.46,94%,,,
Braunton,,Braunton,4,6,,Large,Shirwell,17,North Devon,10,389,401,"2,047",489,53,50,93,0,95,10,90,79,19,11%,10%,19%,0%,19%,2%,18%,16%,4%,1.02,40%,42%,2%,16%,0.45,91%,,,
Brendon,,Shirwell,25,2,,,Shirwell,17,North Devon,10,50,52,259,74,10,6,42,0,10,0,1,5,0,14%,8%,57%,0%,14%,0%,1%,7%,0%,1.22,78%,15%,0%,7%,0.45,91%,,,
Brentor,,Tavistock,27,1,,,Tavistock,20,West Devon,8,21,25,147,39,9,3,17,0,6,0,4,0,0,23%,8%,44%,0%,15%,0%,10%,0%,0%,1.13,74%,26%,0%,0%,0.48,99%,,,
Bridestowe,,Lifton,19,3,,,Tavistock,20,West Devon,8,156,172,907,244,25,13,81,1,52,5,64,3,0,10%,5%,33%,0%,21%,2%,26%,1%,0%,1.14,49%,48%,2%,1%,0.5,102%,,,
Bridford,,Wonford,32,3,,,Dunsford,7,Teignbridge,5,79,97,529,141,14,8,96,0,20,1,0,2,0,10%,6%,68%,0%,14%,1%,0%,1%,0%,1.13,84%,14%,1%,1%,0.4,83%,,,
Bridgerule (Mostly Cornwall. Devon part only),,Black Torrington,3,10,,,Holsworthy,9,Torridge,9,32,39,217,52,10,4,27,0,4,2,0,5,0,19%,8%,52%,0%,8%,4%,0%,10%,0%,1.02,79%,8%,4%,10%,0.44,90%,,,
Brixham (All Saints & St Mary),,Haytor,17,3,Yes,,Ipplepen,11,Torbay,3,969,"1,004","5,015",697,19,12,180,0,236,40,116,80,14,3%,2%,26%,0%,34%,6%,17%,11%,2%,0.59,30%,53%,6%,11%,0.29,59%,,,
Brixton,,Plympton,22,1,,,Plympton,15,South Hams,4,142,145,796,179,20,4,81,0,39,4,18,10,3,11%,2%,45%,0%,22%,2%,10%,6%,2%,0.96,59%,34%,2%,6%,0.4,82%,,,
Broadclyst,,Cliston,7,1,,Large,Aylesbeare,1,East Devon,6,382,426,"2,085",560,54,3,323,0,65,3,63,47,2,10%,1%,58%,0%,12%,1%,11%,8%,0%,1.14,68%,23%,1%,8%,0.39,81%,,,
Broadhembury,,Hayridge,16,3,,,Plymtree,16,East Devon,6,170,173,849,228,33,11,124,0,34,1,14,11,0,14%,5%,54%,0%,15%,0%,6%,5%,0%,1.14,74%,21%,0%,5%,0.44,89%,,,
Broadhempston,,Haytor,17,4,,,Ipplepen,11,Teignbridge,5,159,162,748,165,13,3,77,0,60,4,0,7,1,8%,2%,47%,0%,36%,2%,0%,4%,1%,0.94,56%,37%,2%,4%,0.42,85%,,,
Broadwoodkelly,,Black Torrington,3,11,,,Okehampton,14,West Devon,8,73,77,388,97,23,0,52,0,10,1,0,11,0,24%,0%,54%,0%,10%,1%,0%,11%,0%,1.06,77%,10%,1%,11%,0.43,87%,,,
Broadwoodwidger,,Lifton,19,4,,,Tavistock,20,Torridge,9,145,155,879,225,13,35,141,0,30,2,0,4,0,6%,16%,63%,0%,13%,1%,0%,2%,0%,1.09,84%,13%,1%,2%,0.39,80%,,,
Brushford,,North Tawton & Winkleigh,28,4,,,Chulmleigh,5,Mid Devon,7,25,25,136,29,6,0,20,0,2,0,0,1,0,21%,0%,69%,0%,7%,0%,0%,3%,0%,0.91,90%,7%,0%,3%,0.32,66%,,,
Buckerell,,Hemyock,18,2,,,Plymtree,16,East Devon,6,56,62,304,85,14,6,30,0,9,4,17,5,0,16%,7%,35%,0%,11%,5%,20%,6%,0%,1.19,59%,31%,5%,6%,0.56,114%,,,
Buckfastleigh,,Stanborough,26,4,Historically,,Totnes,24,Teignbridge,5,452,492,"2,445",592,22,21,117,100,169,13,127,18,5,4%,4%,20%,17%,29%,2%,21%,3%,1%,1.03,27%,68%,2%,3%,0.46,93%,,,
Buckland Brewer,,Shebbear,24,5,,Medium,Hartland,8,Torridge,9,200,207,"1,096",234,41,9,119,0,55,7,0,0,3,18%,4%,51%,0%,24%,3%,0%,0%,1%,0.91,72%,25%,3%,0%,0.42,85%,,,
Buckland Filleigh,,Shebbear,24,6,,,Torrington,23,Torridge,9,53,57,317,73,8,1,43,0,10,1,5,3,2,11%,1%,59%,0%,14%,1%,7%,4%,3%,0.98,71%,23%,1%,4%,0.36,74%,,,
Buckland in the Moor,,Haytor,17,5,,,Moreton,13,Teignbridge,5,22,22,139,38,10,1,23,0,1,0,0,0,3,26%,3%,61%,0%,3%,0%,0%,0%,8%,1.16,89%,11%,0%,0%,0.45,91%,,,
Buckland Monachorum,,Roborough,23,4,,Medium,Tamerton,19,West Devon,8,225,246,"1,274",331,18,29,101,0,62,7,70,35,9,5%,9%,31%,0%,19%,2%,21%,11%,3%,1.11,45%,43%,2%,11%,0.45,93%,,,
Buckland Tout Saints,,Coleridge,8,3,,,Woodleigh,25,South Hams,4,8,8,46,10,4,0,6,0,0,0,0,0,0,40%,0%,60%,0%,0%,0%,0%,0%,0%,0.93,100%,0%,0%,0%,0.39,80%,,,
Bulkworthy,,Shebbear,24,7,,,Hartland,8,Torridge,9,36,36,198,43,4,4,24,0,11,0,0,0,0,9%,9%,56%,0%,26%,0%,0%,0%,0%,0.92,74%,26%,0%,0%,0.36,74%,,,
Burlescombe,,Bampton,2,2,,,Tiverton,22,Mid Devon,7,196,226,999,258,26,15,113,0,72,8,10,10,4,10%,6%,44%,0%,28%,3%,4%,4%,2%,1.1,60%,33%,3%,4%,0.5,101%,,,
Burrington,,North Tawton & Winkleigh,28,6,,,Chulmleigh,5,North Devon,10,159,166,987,264,46,8,134,0,37,3,2,34,0,17%,3%,51%,0%,14%,1%,1%,13%,0%,1.14,71%,15%,1%,13%,0.45,91%,,,
Butterleigh,,Cliston,7,2,,,Plymtree,16,Mid Devon,7,29,31,142,45,6,0,24,0,12,0,0,3,0,13%,0%,53%,0%,27%,0%,0%,7%,0%,1.35,67%,27%,0%,7%,0.53,108%,,,
Cadbury,,Hayridge,16,4,,,Cadbury,3,Mid Devon,7,47,49,256,75,10,0,48,0,12,0,1,1,3,13%,0%,64%,0%,16%,0%,1%,1%,4%,1.25,77%,21%,0%,1%,0.45,92%,,,
Cadeleigh,,Hayridge,16,5,,,Cadbury,3,Mid Devon,7,59,78,312,82,11,4,50,0,13,1,0,3,0,13%,5%,61%,0%,16%,1%,0%,4%,0%,1.12,79%,16%,1%,4%,0.43,88%,,,
Calverleigh,,Tiverton,30,1,,,Tiverton,22,Mid Devon,7,16,18,91,23,5,0,7,0,2,1,0,5,3,22%,0%,30%,0%,9%,4%,0%,22%,13%,1.08,52%,22%,4%,22%,0.49,100%,,,
Chagford,,Wonford,32,4,Yes,,Dunsford,7,West Devon,8,290,315,"1,868",448,44,27,167,38,109,6,20,35,2,10%,6%,37%,8%,24%,1%,4%,8%,0%,1.02,53%,38%,1%,8%,0.43,87%,,,
Challacombe,,Shirwell,25,3,,,Shirwell,17,North Devon,10,47,55,240,71,15,0,40,0,13,0,3,0,0,21%,0%,56%,0%,18%,0%,4%,0%,0%,1.26,77%,23%,0%,0%,0.51,104%,,,
"Chardstock (from Dorset, 1896; incl All Saints)",,Not Devon,99,1,,Not Devon,Honiton (later),99,East Devon,6,276,284,"1,357",337,55,44,134,0,71,5,6,12,10,16%,13%,40%,0%,21%,1%,2%,4%,3%,1.06,69%,26%,1%,4%,0.47,96%,,,
Charles,,Shirwell,25,4,,,Shirwell,17,North Devon,10,62,69,343,84,12,6,41,0,19,2,0,4,0,14%,7%,49%,0%,23%,2%,0%,5%,0%,1.04,70%,23%,2%,5%,0.46,93%,,,
Charleton,,Coleridge,8,4,,,Woodleigh,25,South Hams,4,129,135,644,157,21,7,72,1,25,2,12,16,1,13%,4%,46%,1%,16%,1%,8%,10%,1%,1.04,64%,25%,1%,10%,0.41,84%,,,
Chawleigh,,North Tawton & Winkleigh,28,7,,,Chulmleigh,5,Mid Devon,7,150,154,865,215,25,6,109,0,54,2,4,15,0,12%,3%,51%,0%,25%,1%,2%,7%,0%,1.06,65%,27%,1%,7%,0.43,87%,,,
Cheldon,,Witheridge,31,2,,,South Molton,18,North Devon,10,19,19,90,24,3,0,20,0,0,0,0,1,0,13%,0%,83%,0%,0%,0%,0%,4%,0%,1.13,96%,0%,0%,4%,0.33,68%,,,
Cheriton Bishop,,Wonford,32,5,,,Dunsford,7,Mid Devon,7,140,148,799,234,30,0,150,0,33,3,7,9,2,13%,0%,64%,0%,14%,1%,3%,4%,1%,1.25,77%,18%,1%,4%,0.46,94%,,,
Cheriton Fitzpaine,,West Budleigh,6,1,,Medium,Cadbury,3,Mid Devon,7,188,193,"1,085",261,26,6,146,0,64,6,6,6,1,10%,2%,56%,0%,25%,2%,2%,2%,0%,1.02,68%,27%,2%,2%,0.42,87%,,,
Chittlehampton (incl Chittlehamholt),,South Molton,20,4,,Large,Barnstaple,2,North Devon,10,373,380,"1,897",477,46,42,233,0,115,6,0,33,2,10%,9%,49%,0%,24%,1%,0%,7%,0%,1.07,67%,25%,1%,7%,0.44,89%,,,
Chivelstone,,Coleridge,8,5,,,Woodleigh,25,South Hams,4,114,123,601,149,15,4,91,0,26,0,8,5,0,10%,3%,61%,0%,17%,0%,5%,3%,0%,1.06,74%,23%,0%,3%,0.38,77%,,,
Christow,,Wonford,32,6,,,Dunsford,7,Teignbridge,5,100,109,601,170,28,0,114,0,17,3,5,0,3,16%,0%,67%,0%,10%,2%,3%,0%,2%,1.2,84%,15%,2%,0%,0.46,94%,,,
Chudleigh,,Exminster,12,4,Yes,,Kenn,12,Teignbridge,5,413,458,"2,278",512,35,11,122,18,203,23,82,10,8,7%,2%,24%,4%,40%,4%,16%,2%,2%,0.96,33%,61%,4%,2%,0.49,100%,,,
Chulmleigh,,Witheridge,31,3,Yes,,Chulmleigh,5,North Devon,10,304,353,"1,573",399,40,22,163,0,116,22,11,23,2,10%,6%,41%,0%,29%,6%,3%,6%,1%,1.08,56%,32%,6%,6%,0.53,109%,,,
"Churchstanton (to Somerset, 1896)",,Hemyock,18,3,,,Dunkeswell,6,No longer Devon,99,176,196,977,246,38,11,128,1,45,8,0,10,5,15%,4%,52%,0%,18%,3%,0%,4%,2%,1.07,72%,21%,3%,4%,0.47,96%,,,
Churchstow,,Stanborough,26,5,,,Woodleigh,25,South Hams,4,57,62,326,82,12,3,51,0,10,1,1,3,1,15%,4%,62%,0%,12%,1%,1%,4%,1%,1.07,80%,15%,1%,4%,0.4,83%,,,
Churston Ferrers,,Haytor,17,6,,,Ipplepen,11,Torbay,3,140,143,763,193,16,3,86,0,51,0,2,35,0,8%,2%,45%,0%,26%,0%,1%,18%,0%,1.08,54%,27%,0%,18%,0.4,82%,,,
Clannaborough,,North Tawton & Winkleigh,28,8,,,Chulmleigh,5,Mid Devon,7,9,9,58,20,4,16,0,0,0,0,0,0,0,20%,80%,0%,0%,0%,0%,0%,0%,0%,1.47,100%,0%,0%,0%,0.76,155%,,,
Clawton,,Black Torrington,3,12,,,Holsworthy,9,Torridge,9,86,112,570,142,28,3,90,0,20,0,0,1,0,20%,2%,63%,0%,14%,0%,0%,1%,0%,1.06,85%,14%,0%,1%,0.41,83%,,,
Clayhanger,,Bampton,2,3,,,Tiverton,22,Mid Devon,7,50,50,272,75,12,1,44,0,9,2,0,7,0,16%,1%,59%,0%,12%,3%,0%,9%,0%,1.17,76%,12%,3%,9%,0.47,96%,,,
Clayhidon,,Hemyock,18,4,,,Dunkeswell,6,Mid Devon,7,141,154,767,191,40,7,105,0,26,1,0,10,2,21%,4%,55%,0%,14%,1%,0%,5%,1%,1.06,80%,15%,1%,5%,0.42,87%,,,
Clovelly,,Hartland,15,1,,,Hartland,8,Torridge,9,190,198,907,168,20,5,40,0,41,6,34,18,4,12%,3%,24%,0%,24%,4%,20%,11%,2%,0.79,39%,47%,4%,11%,0.37,76%,,,
Clyst Honiton,,East Budleigh,5,6,,,Aylesbeare,1,East Devon,6,68,81,426,115,9,14,52,0,21,11,1,3,4,8%,12%,45%,0%,18%,10%,1%,3%,3%,1.15,65%,23%,10%,3%,0.61,124%,,,
Clyst Hydon,,Cliston,7,3,,,Plymtree,16,East Devon,6,53,62,331,83,15,1,46,0,10,5,0,4,2,18%,1%,55%,0%,12%,6%,0%,5%,2%,1.07,75%,14%,6%,5%,0.5,102%,,,
Clyst St George,,East Budleigh,5,5,,,Aylesbeare,1,East Devon,6,66,70,359,96,8,4,37,0,26,5,13,0,3,8%,4%,39%,0%,27%,5%,14%,0%,3%,1.14,51%,44%,5%,0%,0.55,113%,,,
Clyst St Lawrence,,Cliston,7,4,,,Plymtree,16,East Devon,6,37,37,185,48,4,0,33,0,7,2,0,0,2,8%,0%,69%,0%,15%,4%,0%,0%,4%,1.1,77%,19%,4%,0%,0.44,90%,,,
Clyst St Mary,,East Budleigh,5,7,,,Aylesbeare,1,East Devon,6,29,31,137,36,5,0,17,0,4,2,1,5,2,14%,0%,47%,0%,11%,6%,3%,14%,6%,1.12,61%,19%,6%,14%,0.49,101%,,,
Cockington,,Haytor,17,7,,,Ipplepen,11,Torbay,3,46,46,223,54,5,0,15,0,17,2,15,0,0,9%,0%,28%,0%,31%,4%,28%,0%,0%,1.03,37%,59%,4%,0%,0.5,102%,,,
Coffinswell,,Haytor,17,8,,,Ipplepen,11,Teignbridge,5,54,59,265,69,9,2,46,0,7,1,0,4,0,13%,3%,67%,0%,10%,1%,0%,6%,0%,1.11,83%,10%,1%,6%,0.4,82%,,,
Colaton Raleigh,,East Budleigh,5,8,,,Aylesbeare,1,East Devon,6,160,164,857,187,22,22,90,0,36,1,1,10,5,12%,12%,48%,0%,19%,1%,1%,5%,3%,0.93,72%,22%,1%,5%,0.37,76%,,,
Coldridge,,North Tawton & Winkleigh,28,9,,,Chulmleigh,5,Mid Devon,7,109,117,644,144,21,4,82,0,27,2,4,4,0,15%,3%,57%,0%,19%,1%,3%,3%,0%,0.95,74%,22%,1%,3%,0.38,78%,,,
Colebrooke,,Crediton,10,1,,,Cadbury,3,Mid Devon,7,168,179,880,214,26,7,111,0,34,4,18,12,2,12%,3%,52%,0%,16%,2%,8%,6%,1%,1.03,67%,25%,2%,6%,0.41,84%,,,
Colyton,1,Colyton,9,2,Yes,,Honiton,10,East Devon,6,436,447,"2,182",514,50,27,130,0,201,16,45,34,11,10%,5%,25%,0%,39%,3%,9%,7%,2%,1,40%,50%,3%,7%,0.5,101%,,,
Combe Martin,,Braunton,4,9,Historically,,Shirwell,17,North Devon,10,228,243,"1,031",260,24,13,85,0,55,7,47,29,0,9%,5%,33%,0%,21%,3%,18%,11%,0%,1.07,47%,39%,3%,11%,0.46,94%,,,
Combe Raleigh,2,Axminster,1,4,,,Dunkeswell,6,East Devon,6,53,53,296,79,10,2,46,0,13,2,0,3,3,13%,3%,58%,0%,16%,3%,0%,4%,4%,1.14,73%,20%,3%,4%,0.46,94%,,,
Combeinteignhead,,Wonford,32,7,,,Kenn,12,Teignbridge,5,98,101,460,110,9,8,47,0,18,3,14,11,0,8%,7%,43%,0%,16%,3%,13%,10%,0%,1.02,58%,29%,3%,10%,0.42,85%,,,
Combpyne,4,Axminster,1,3,,,Honiton,10,East Devon,6,25,25,142,38,2,2,24,0,8,0,0,2,0,5%,5%,63%,0%,21%,0%,0%,5%,0%,1.14,74%,21%,0%,5%,0.39,81%,,,
Compton Gifford (linked to Plymouth Charles the Martyr),,Roborough,23,6,,Plymouth/SD,Three Towns,21,Plymouth,2,44,46,229,58,4,5,29,0,4,13,0,0,3,7%,9%,50%,0%,7%,22%,0%,0%,5%,1.08,66%,12%,22%,0%,0.74,151%,,,
Cookbury,,Black Torrington,3,13,,,Holsworthy,9,Torridge,9,55,55,290,74,23,0,41,0,10,0,0,0,0,31%,0%,55%,0%,14%,0%,0%,0%,0%,1.09,86%,14%,0%,0%,0.47,95%,,,
Cornwood,,Ermington,11,3,,Medium,Plympton,15,South Hams,4,188,202,"1,056",271,19,19,142,0,74,4,7,6,0,7%,7%,52%,0%,27%,1%,3%,2%,0%,1.09,66%,30%,1%,2%,0.45,91%,,,
Cornworthy,,Coleridge,8,6,,,Totnes,24,South Hams,4,105,117,567,137,18,5,71,4,37,1,0,0,1,13%,4%,52%,3%,27%,1%,0%,0%,1%,1.03,69%,31%,1%,0%,0.43,88%,,,
Coryton,,Lifton,19,5,,,Tavistock,20,West Devon,8,57,64,314,76,5,10,30,0,7,0,21,3,0,7%,13%,39%,0%,9%,0%,28%,4%,0%,1.03,59%,37%,0%,4%,0.37,76%,,,
Cotleigh,4,Colyton,9,3,,,Honiton,10,East Devon,6,47,47,240,69,22,0,42,0,4,1,0,0,0,32%,0%,61%,0%,6%,1%,0%,0%,0%,1.22,93%,6%,1%,0%,0.53,107%,,,
Countisbury,,Shirwell,25,5,,,Shirwell,17,North Devon,10,31,34,187,54,13,0,31,0,6,4,0,0,0,24%,0%,57%,0%,11%,7%,0%,0%,0%,1.23,81%,11%,7%,0%,0.63,128%,,,
Creacombe,,Witheridge,31,4,,,South Molton,18,North Devon,10,7,7,43,12,3,0,8,0,1,0,0,0,0,25%,0%,67%,0%,8%,0%,0%,0%,0%,1.19,92%,8%,0%,0%,0.45,93%,,,
Crediton Borough,,Crediton,10,2,Yes (part),,Cadbury,3,Mid Devon,7,389,394,"1,858",383,2,2,50,1,234,22,48,17,7,1%,1%,13%,0%,61%,6%,13%,4%,2%,0.88,14%,76%,6%,4%,0.5,101%,,,
Crediton Cannon Fee,,Crediton,10,3,,Large,Cadbury,3,Mid Devon,7,356,358,"1,514",375,0,0,54,0,203,12,69,33,4,0%,0%,14%,0%,54%,3%,18%,9%,1%,1.05,14%,74%,3%,9%,0.53,108%,,,
Crediton Knowle,,Crediton,10,4,,,Cadbury,3,Mid Devon,7,66,67,401,95,11,2,59,0,14,1,8,0,0,12%,2%,62%,0%,15%,1%,8%,0%,0%,1.01,76%,23%,1%,0%,0.38,77%,,,
Crediton Rudge,,Crediton,10,5,,,Cadbury,3,Mid Devon,7,48,48,261,65,5,2,47,0,1,4,0,1,5,8%,3%,72%,0%,2%,6%,0%,2%,8%,1.06,83%,9%,6%,2%,0.42,85%,,,
Crediton Town,,Crediton,10,6,Yes (part),,Cadbury,3,Mid Devon,7,217,220,"1,073",231,7,4,60,4,95,8,37,4,12,3%,2%,26%,2%,41%,3%,16%,2%,5%,0.92,31%,64%,3%,2%,0.44,90%,,,
Crediton Ufford,,Crediton,10,7,,,Cadbury,3,Mid Devon,7,46,47,288,60,10,0,35,0,14,0,1,0,0,17%,0%,58%,0%,23%,0%,2%,0%,0%,0.89,75%,25%,0%,0%,0.35,72%,,,
Crediton Uton,,Crediton,10,8,,,Cadbury,3,Mid Devon,7,49,49,259,70,8,3,53,0,2,0,2,2,0,11%,4%,76%,0%,3%,0%,3%,3%,0%,1.15,91%,6%,0%,3%,0.36,73%,,,
Crediton Woodland,,Crediton,10,9,,,Cadbury,3,Mid Devon,7,46,46,268,57,9,4,41,0,3,0,0,0,0,16%,7%,72%,0%,5%,0%,0%,0%,0%,0.91,95%,5%,0%,0%,0.31,64%,,,
Cruwys Morchard,,Witheridge,31,5,,,South Molton,18,Mid Devon,7,116,120,634,184,38,5,84,0,34,4,4,15,0,21%,3%,46%,0%,18%,2%,2%,8%,0%,1.24,69%,21%,2%,8%,0.55,112%,,,
Cullompton,,Hayridge,16,6,Yes,,Plymtree,16,Mid Devon,7,787,973,"3,813",988,67,20,235,249,278,34,34,65,6,7%,2%,24%,25%,28%,3%,3%,7%,1%,1.1,33%,57%,3%,7%,0.51,104%,,,
Culmstock,,Hemyock,18,5,Yes,,Tiverton,22,Mid Devon,7,312,360,"1,519",361,33,11,125,48,82,6,31,25,0,9%,3%,35%,13%,23%,2%,9%,7%,0%,1.01,47%,45%,2%,7%,0.42,86%,,,
"Dalwood (from Dorset, 1844)",,Not Devon,99,5,,Not Devon,Honiton (later),99,East Devon,6,105,110,434,120,16,5,65,0,31,0,1,2,0,13%,4%,54%,0%,26%,0%,1%,2%,0%,1.18,72%,27%,0%,2%,0.47,96%,,,
Dartington,,Stanborough,26,6,,,Totnes,24,South Hams,4,112,112,618,154,22,2,85,0,24,7,0,14,0,14%,1%,55%,0%,16%,5%,0%,9%,0%,1.06,71%,16%,5%,9%,0.46,94%,,,
Dartmoor Forest (linked to Lydford),,Lifton,19,12,,,Tavistock,20,West Devon,8,60,63,353,97,15,13,40,0,6,0,21,2,0,15%,13%,41%,0%,6%,0%,22%,2%,0%,1.17,70%,28%,0%,2%,0.45,92%,,,
Dartmouth St Clement / Townstall,,Coleridge,8,20,Yes (part),,Totnes,24,South Hams,4,199,270,"1,246",249,7,5,27,1,111,12,56,22,8,3%,2%,11%,0%,45%,5%,22%,9%,3%,0.85,16%,71%,5%,9%,0.44,90%,,,
Dartmouth St Petrox,,Coleridge,8,11,Yes (part),,Totnes,24,South Hams,4,131,246,"1,035",202,0,4,9,0,130,6,13,40,0,0%,2%,4%,0%,64%,3%,6%,20%,0%,0.83,6%,71%,3%,20%,0.43,89%,,,
Dartmouth St Saviour,,Coleridge,8,14,Yes (part),,Totnes,24,South Hams,4,258,539,"2,316",460,0,0,0,0,302,28,101,26,3,0%,0%,0%,0%,66%,6%,22%,6%,1%,0.85,0%,88%,6%,6%,0.5,102%,,,
Dawlish,,Exminster,12,5,,Large,Kenn,12,Teignbridge,5,572,575,"3,151",587,28,43,142,0,272,41,32,13,16,5%,7%,24%,0%,46%,7%,5%,2%,3%,0.79,36%,55%,7%,2%,0.45,91%,,,
Dean Prior,,Stanborough,26,7,,,Totnes,24,South Hams,4,101,101,553,122,27,20,37,29,9,0,0,0,0,22%,16%,30%,24%,7%,0%,0%,0%,0%,0.94,69%,31%,0%,0%,0.41,83%,,,
Denbury,,Haytor,17,9,,,Ipplepen,11,Teignbridge,5,101,108,464,91,11,0,56,0,22,1,0,1,0,12%,0%,62%,0%,24%,1%,0%,1%,0%,0.83,74%,24%,1%,1%,0.33,67%,,,
Diptford,,Stanborough,26,8,,,Totnes,24,South Hams,4,129,133,735,199,34,0,97,0,37,3,15,13,0,17%,0%,49%,0%,19%,2%,8%,7%,0%,1.15,66%,26%,2%,7%,0.48,98%,,,
Dittisham,,Coleridge,8,7,,,Totnes,24,South Hams,4,154,172,816,182,20,5,72,0,48,2,28,6,1,11%,3%,40%,0%,26%,1%,15%,3%,1%,0.95,53%,42%,1%,3%,0.4,82%,,,
Dodbrooke (Kingsbridge),,Coleridge,8,8,Yes (part),,Woodleigh,25,South Hams,4,139,236,"1,038",232,8,10,27,5,113,2,32,34,1,3%,4%,12%,2%,49%,1%,14%,15%,0%,0.95,19%,65%,1%,15%,0.44,91%,,,
Doddiscombeleigh,,Exminster,12,6,,,Dunsford,7,Teignbridge,5,57,67,392,101,17,2,48,0,7,2,17,7,1,17%,2%,48%,0%,7%,2%,17%,7%,1%,1.1,66%,25%,2%,7%,0.43,89%,,,
Dolton,,North Tawton & Winkleigh,28,10,,,Torrington,23,Torridge,9,160,163,870,199,37,3,92,0,52,4,4,5,2,19%,2%,46%,0%,26%,2%,2%,3%,1%,0.97,66%,29%,2%,3%,0.44,90%,,,
Dotton,,East Budleigh,5,9,,,Aylesbeare,1,East Devon,6,2,2,20,3,1,0,1,0,1,0,0,0,0,33%,0%,33%,0%,33%,0%,0%,0%,0%,0.64,67%,33%,0%,0%,0.33,66%,,,
Dowland,,North Tawton & Winkleigh,28,11,,,Torrington,23,Torridge,9,36,36,195,46,9,0,32,0,3,0,0,2,0,20%,0%,70%,0%,7%,0%,0%,4%,0%,1,89%,7%,0%,4%,0.35,72%,,,
Down St Mary,,North Tawton & Winkleigh,28,12,,,Cadbury,3,Mid Devon,7,44,56,407,96,14,0,63,0,17,0,0,2,0,15%,0%,66%,0%,18%,0%,0%,2%,0%,1,80%,18%,0%,2%,0.37,75%,,,
Drewsteignton,,Wonford,32,8,,Medium,Dunsford,7,West Devon,8,213,245,"1,313",349,33,10,230,0,33,9,26,6,2,9%,3%,66%,0%,9%,3%,7%,2%,1%,1.13,78%,17%,3%,2%,0.42,86%,,,
Dunchideock,,Exminster,12,7,,,Kenn,12,Teignbridge,5,32,34,182,36,4,2,16,0,13,1,0,0,0,11%,6%,44%,0%,36%,3%,0%,0%,0%,0.84,61%,36%,3%,0%,0.4,81%,,,
Dunkeswell,,Hemyock,18,6,,,Dunkeswell,6,East Devon,6,77,77,414,83,22,0,42,0,19,0,0,0,0,27%,0%,51%,0%,23%,0%,0%,0%,0%,0.85,77%,23%,0%,0%,0.38,77%,,,
Dunsford,,Wonford,32,9,,,Dunsford,7,Teignbridge,5,143,181,903,245,48,8,104,0,38,2,40,5,0,20%,3%,42%,0%,16%,1%,16%,2%,0%,1.15,65%,32%,1%,2%,0.49,100%,,,
Dunterton,,Lifton,19,6,,,Tavistock,20,West Devon,8,31,40,207,53,8,2,36,0,5,0,2,0,0,15%,4%,68%,0%,9%,0%,4%,0%,0%,1.09,87%,13%,0%,0%,0.38,78%,,,
East Allington,,Stanborough,26,1,,,Woodleigh,25,South Hams,4,119,121,677,159,30,8,90,0,16,3,0,12,0,19%,5%,57%,0%,10%,2%,0%,8%,0%,1,81%,10%,2%,8%,0.4,82%,,,
East Anstey,,South Molton,20,1,,,South Molton,18,North Devon,10,31,34,166,58,16,4,27,0,11,0,0,0,0,28%,7%,47%,0%,19%,0%,0%,0%,0%,1.49,81%,19%,0%,0%,0.67,136%,,,
East Buckland,,Braunton,4,7,,,Shirwell,17,North Devon,10,25,27,173,42,9,3,24,0,6,0,0,0,0,21%,7%,57%,0%,14%,0%,0%,0%,0%,1.03,86%,14%,0%,0%,0.42,85%,,,
East Budleigh (incl Budleigh Salterton),,East Budleigh,5,4,Historically,,Aylesbeare,1,East Devon,6,412,462,"2,044",420,23,22,105,0,155,51,26,25,13,5%,5%,25%,0%,37%,12%,6%,6%,3%,0.87,36%,46%,12%,6%,0.54,110%,,,
East Down,,Braunton,4,10,,,Shirwell,17,North Devon,10,78,79,446,116,13,8,42,0,16,5,1,30,1,11%,7%,36%,0%,14%,4%,1%,26%,1%,1.11,54%,16%,4%,26%,0.47,96%,,,
East Ogwell,,Wonford,32,18,,,Kenn,12,Teignbridge,5,56,60,318,70,14,0,41,0,12,1,0,2,0,20%,0%,59%,0%,17%,1%,0%,3%,0%,0.94,79%,17%,1%,3%,0.39,79%,,,
East Portlemouth,,Coleridge,8,13,,,Woodleigh,25,South Hams,4,73,75,427,95,12,0,66,0,16,1,0,0,0,13%,0%,69%,0%,17%,1%,0%,0%,0%,0.95,82%,17%,1%,0%,0.35,72%,,,
East Putford,,Shebbear,24,22,,,Hartland,8,Torridge,9,32,34,209,46,12,0,31,0,3,0,0,0,0,26%,0%,67%,0%,7%,0%,0%,0%,0%,0.94,93%,7%,0%,0%,0.36,73%,,,
East Stonehouse,,Plymouth Borough,34,4,,Plymouth/SD,Three Towns,21,Plymouth,2,976,"2,405","9,571","2,271",0,0,3,7,896,308,736,303,18,0%,0%,0%,0%,39%,14%,32%,13%,1%,1.01,0%,73%,14%,13%,0.64,131%,,,
East Teignmouth,,Exminster,12,15,Yes,,Kenn,12,Teignbridge,5,315,331,"1,810",358,2,3,2,0,168,81,79,11,12,1%,1%,1%,0%,47%,23%,22%,3%,3%,0.84,2%,72%,23%,3%,0.68,139%,,,
East Worlington,,Witheridge,31,20,,,South Molton,18,North Devon,10,46,46,292,64,20,0,31,0,8,1,0,4,0,31%,0%,48%,0%,13%,2%,0%,6%,0%,0.93,80%,13%,2%,6%,0.42,86%,,,
Egg Buckland,,Roborough,23,7,,Medium,Tamerton,19,Plymouth,2,197,227,"1,117",282,17,14,108,0,78,10,40,10,5,6%,5%,38%,0%,28%,4%,14%,4%,2%,1.07,49%,44%,4%,4%,0.48,99%,,,
Eggesford,,North Tawton & Winkleigh,28,13,,,Chulmleigh,5,Mid Devon,7,30,34,168,48,3,0,25,0,13,1,4,2,0,6%,0%,52%,0%,27%,2%,8%,4%,0%,1.22,58%,35%,2%,4%,0.49,100%,,,
Ermington (incl Ivybridge),,Ermington,11,4,,Medium,Plympton,15,South Hams,4,233,252,"1,471",350,16,13,123,5,156,12,13,12,0,5%,4%,35%,1%,45%,3%,4%,3%,0%,1.01,43%,50%,3%,3%,0.49,100%,,,
Exbourne,,Black Torrington,3,14,,,Okehampton,14,West Devon,8,94,107,509,131,19,0,77,0,26,0,0,9,0,15%,0%,59%,0%,20%,0%,0%,7%,0%,1.1,73%,20%,0%,7%,0.41,84%,,,
Exeter Allhallows Goldsmith Street,,Exeter City,33,1,,Exeter,Christianity,4,Exeter,1,50,82,420,98,0,0,0,0,71,10,16,1,0,0%,0%,0%,0%,72%,10%,16%,1%,0%,0.99,0%,89%,10%,1%,0.67,137%,,,
Exeter Allhallows on the Walls,,Exeter City,33,2,,Exeter,Christianity,4,Exeter,1,142,200,889,205,0,0,7,0,157,24,5,12,0,0%,0%,3%,0%,77%,12%,2%,6%,0%,0.98,3%,79%,12%,6%,0.69,140%,,,
Exeter Bedford Precinct,,Exeter City,33,3,,Exeter,Christianity,4,Exeter,1,17,17,114,16,0,0,0,0,0,15,0,0,1,0%,0%,0%,0%,0%,94%,0%,0%,6%,0.6,0%,6%,94%,0%,1.07,218%,,,
Exeter Cathedral (St Peter),,Exeter City,33,4,,Exeter,Christianity,4,Exeter,1,101,129,675,114,0,0,0,0,76,13,13,0,12,0%,0%,0%,0%,67%,11%,11%,0%,11%,0.72,0%,89%,11%,0%,0.49,100%,,,
Exeter Heavitree,,Wonford,32,12,,Exeter,Christianity,4,Exeter,1,348,393,"1,932",415,19,18,83,0,39,5,49,184,18,5%,4%,20%,0%,9%,1%,12%,44%,4%,0.91,29%,26%,1%,44%,0.31,63%,,,
Exeter Holy Trinity,,Exeter City,33,21,,Exeter,Christianity,4,Exeter,1,440,597,"2,847",677,0,2,24,0,336,94,69,127,25,0%,0%,4%,0%,50%,14%,10%,19%,4%,1.01,4%,64%,14%,19%,0.66,136%,,,
Exeter St David (outside City walls),,Exeter City,33,5,,Exeter,Christianity,4,Exeter,1,462,529,"3,078",787,3,0,53,2,221,84,251,151,22,0%,0%,7%,0%,28%,11%,32%,19%,3%,1.09,7%,63%,11%,19%,0.6,123%,,,
Exeter St Edmund (outside City walls),,Exeter City,33,6,,Exeter,Christianity,4,Exeter,1,206,336,"1,523",346,2,4,11,41,144,13,113,13,5,1%,1%,3%,12%,42%,4%,33%,4%,1%,0.97,5%,88%,4%,4%,0.49,99%,,,
Exeter St George,,Exeter City,33,7,,Exeter,Christianity,4,Exeter,1,116,240,908,227,0,0,0,0,160,0,26,40,1,0%,0%,0%,0%,70%,0%,11%,18%,0%,1.06,0%,82%,0%,18%,0.53,108%,,,
Exeter St John,,Exeter City,33,8,,Exeter,Christianity,4,Exeter,1,83,126,586,141,1,0,5,0,107,8,10,2,8,1%,0%,4%,0%,76%,6%,7%,1%,6%,1.02,4%,89%,6%,1%,0.63,129%,,,
Exeter St Kerrian,,Exeter City,33,9,,Exeter,Christianity,4,Exeter,1,71,110,470,128,0,0,0,0,119,9,0,0,0,0%,0%,0%,0%,93%,7%,0%,0%,0%,1.16,0%,93%,7%,0%,0.79,161%,,,
Exeter St Lawrence,,Exeter City,33,10,,Exeter,Christianity,4,Exeter,1,85,117,620,133,0,0,0,0,102,22,0,9,0,0%,0%,0%,0%,77%,17%,0%,7%,0%,0.91,0%,77%,17%,7%,0.71,145%,,,
Exeter St Leonard (outside City walls),,Wonford,32,16,,Exeter,Christianity,4,Exeter,1,62,70,467,69,0,0,7,1,10,20,20,4,7,0%,0%,10%,1%,14%,29%,29%,6%,10%,0.63,10%,55%,29%,6%,0.51,104%,,,
Exeter St Martin,,Exeter City,33,11,,Exeter,Christianity,4,Exeter,1,45,57,298,66,0,0,0,0,52,10,0,2,2,0%,0%,0%,0%,79%,15%,0%,3%,3%,0.94,0%,82%,15%,3%,0.72,147%,,,
Exeter St Mary Arches,,Exeter City,33,12,,Exeter,Christianity,4,Exeter,1,86,141,708,180,0,0,0,0,73,3,104,0,0,0%,0%,0%,0%,41%,2%,58%,0%,0%,1.08,0%,98%,2%,0%,0.51,105%,,,
Exeter St Mary Major,,Exeter City,33,13,,Exeter,Christianity,4,Exeter,1,388,821,"3,516",864,0,0,5,4,566,29,211,44,5,0%,0%,1%,0%,66%,3%,24%,5%,1%,1.05,1%,91%,3%,5%,0.58,118%,,,
Exeter St Mary Steps (partly outside City walls),,Exeter City,33,14,,Exeter,Christianity,4,Exeter,1,157,316,"1,258",282,0,0,11,0,173,15,77,6,0,0%,0%,4%,0%,61%,5%,27%,2%,0%,0.95,4%,89%,5%,2%,0.54,111%,,,
Exeter St Olave,,Exeter City,33,15,,Exeter,Christianity,4,Exeter,1,142,246,964,248,0,0,0,1,174,12,57,3,1,0%,0%,0%,0%,70%,5%,23%,1%,0%,1.09,0%,94%,5%,1%,0.65,132%,,,
Exeter St Pancras,,Exeter City,33,16,,Exeter,Christianity,4,Exeter,1,50,85,379,89,0,0,2,0,59,2,20,1,5,0%,0%,2%,0%,66%,2%,22%,1%,6%,1,2%,94%,2%,1%,0.54,110%,,,
Exeter St Paul (incl Bradninch Precinct / Castle),,Exeter City,33,17,,Exeter,Christianity,4,Exeter,1,244,355,"1,638",375,1,0,12,0,218,49,48,32,15,0%,0%,3%,0%,58%,13%,13%,9%,4%,0.97,3%,75%,13%,9%,0.66,135%,,,
Exeter St Petrock,,Exeter City,33,18,,Exeter,Christianity,4,Exeter,1,40,50,267,50,0,0,0,0,45,4,0,0,1,0%,0%,0%,0%,90%,8%,0%,0%,2%,0.8,0%,92%,8%,0%,0.55,112%,,,
Exeter St Sidwell (outside City walls),,Exeter City,33,19,,Exeter,Christianity,4,Exeter,1,"1,070","1,411","6,602","1,445",8,19,26,9,748,182,222,89,142,1%,1%,2%,1%,52%,13%,15%,6%,10%,0.93,4%,78%,13%,6%,0.62,126%,,,
Exeter St Stephen,,Exeter City,33,20,,Exeter,Christianity,4,Exeter,1,61,73,482,102,0,0,0,1,54,19,18,2,8,0%,0%,0%,1%,53%,19%,18%,2%,8%,0.9,0%,79%,19%,2%,0.68,140%,,,
Exeter St Thomas the Apostle (outside City walls),,Wonford,32,29,,Exeter,Kenn,12,Exeter,1,635,894,"4,203","1,098",21,8,175,30,206,165,370,112,11,2%,1%,16%,3%,19%,15%,34%,10%,1%,1.11,19%,56%,15%,10%,0.67,137%,,,
Exminster,,Exminster,12,8,,Medium,Kenn,12,Teignbridge,5,181,201,"1,113",271,29,5,157,0,46,2,22,0,10,11%,2%,58%,0%,17%,1%,8%,0%,4%,1.04,70%,29%,1%,0%,0.39,80%,,,
Farringdon,,East Budleigh,5,10,,,Aylesbeare,1,East Devon,6,65,67,377,110,8,3,59,0,18,4,0,6,12,7%,3%,54%,0%,16%,4%,0%,5%,11%,1.24,64%,27%,4%,5%,0.5,103%,,,
Farway,4,Colyton,9,4,,,Honiton,10,East Devon,6,68,68,360,121,14,11,81,0,12,2,0,1,0,12%,9%,67%,0%,10%,2%,0%,1%,0%,1.43,88%,10%,2%,1%,0.53,109%,,,
Feniton,,Hayridge,16,7,,,Plymtree,16,East Devon,6,61,63,343,88,16,0,53,0,10,1,5,3,0,18%,0%,60%,0%,11%,1%,6%,3%,0%,1.09,78%,17%,1%,3%,0.42,86%,,,
Filleigh,,Braunton,4,12,,,Barnstaple,2,North Devon,10,64,66,329,79,11,4,42,0,13,4,0,5,0,14%,5%,53%,0%,16%,5%,0%,6%,0%,1.02,72%,16%,5%,6%,0.46,95%,,,
Fremington,,Fremington,13,2,,Medium,Barnstaple,2,North Devon,10,226,235,"1,180",273,37,5,153,0,48,5,6,11,8,14%,2%,56%,0%,18%,2%,2%,4%,3%,0.98,71%,23%,2%,4%,0.39,81%,,,
Frithelstock,,Shebbear,24,8,,,Hartland,8,Torridge,9,129,136,696,177,34,7,103,0,19,2,12,0,0,19%,4%,58%,0%,11%,1%,7%,0%,0%,1.08,81%,18%,1%,0%,0.43,88%,,,
George Nympton,,South Molton,20,5,,,South Molton,18,North Devon,10,53,53,268,72,10,0,38,0,14,2,4,4,0,14%,0%,53%,0%,19%,3%,6%,6%,0%,1.14,67%,25%,3%,6%,0.48,98%,,,
Georgeham,,Braunton,4,13,,,Shirwell,17,North Devon,10,176,186,925,179,26,45,59,0,43,2,0,4,0,15%,25%,33%,0%,24%,1%,0%,2%,0%,0.82,73%,24%,1%,2%,0.38,78%,,,
Germansweek,,Lifton,19,7,,,Okehampton,14,West Devon,8,65,66,370,93,13,5,48,0,27,0,0,0,0,14%,5%,52%,0%,29%,0%,0%,0%,0%,1.07,71%,29%,0%,0%,0.44,91%,,,
Gidleigh,,Wonford,32,10,,,Dunsford,7,West Devon,8,24,24,155,30,6,4,20,0,0,0,0,0,0,20%,13%,67%,0%,0%,0%,0%,0%,0%,0.82,100%,0%,0%,0%,0.3,61%,,,
Gittisham,,East Budleigh,5,11,,,Honiton,10,East Devon,6,74,75,370,105,19,2,48,0,34,2,0,0,0,18%,2%,46%,0%,32%,2%,0%,0%,0%,1.21,66%,32%,2%,0%,0.57,116%,,,
Goodleigh,,Braunton,4,14,,,Shirwell,17,North Devon,10,67,68,442,176,11,0,119,0,41,2,0,2,1,6%,0%,68%,0%,23%,1%,0%,1%,1%,1.69,74%,24%,1%,1%,0.62,127%,,,
Great Torrington,,Fremington,13,11,Yes,,Torrington,23,Torridge,9,633,651,"3,093",662,22,5,137,64,254,38,93,42,7,3%,1%,21%,10%,38%,6%,14%,6%,1%,0.91,25%,63%,6%,6%,0.47,95%,,,
Haccombe (linked to Combeinteignhead),,Wonford,32,11,,,Kenn,12,Teignbridge,5,2,3,13,6,1,0,0,0,0,1,1,0,3,17%,0%,0%,0%,0%,17%,17%,0%,50%,1.96,17%,67%,17%,0%,1.31,267%,,,
Halberton / Newport,,Halberton,14,1,,Large,Tiverton,22,Mid Devon,7,306,386,"1,636",403,54,25,179,3,70,11,9,48,4,13%,6%,44%,1%,17%,3%,2%,12%,1%,1.05,64%,21%,3%,12%,0.44,91%,,,
Halwell,,Coleridge,8,9,,,Totnes,24,South Hams,4,69,80,474,115,16,3,59,0,18,1,10,7,1,14%,3%,51%,0%,16%,1%,9%,6%,1%,1.03,68%,25%,1%,6%,0.4,82%,,,
Halwill,,Black Torrington,3,16,,,Holsworthy,9,Torridge,9,36,39,230,83,15,8,43,0,8,2,4,3,0,18%,10%,52%,0%,10%,2%,5%,4%,0%,1.54,80%,14%,2%,4%,0.65,132%,,,
Harberton,,Coleridge,8,10,,Large,Totnes,24,South Hams,4,304,307,"1,584",376,47,9,153,21,103,12,15,11,5,13%,2%,41%,6%,27%,3%,4%,3%,1%,1.01,56%,38%,3%,3%,0.47,95%,,,
Harford,,Ermington,11,5,,,Plympton,15,South Hams,4,27,29,210,64,6,2,30,0,12,2,9,0,3,9%,3%,47%,0%,19%,3%,14%,0%,5%,1.3,59%,38%,3%,0%,0.55,113%,,,
Harpford,,East Budleigh,5,12,,,Aylesbeare,1,East Devon,6,54,59,307,64,8,7,28,0,4,3,2,12,0,13%,11%,44%,0%,6%,5%,3%,19%,0%,0.89,67%,9%,5%,19%,0.37,77%,,,
Hartland,,Hartland,15,2,Historically,,Hartland,8,Torridge,9,393,405,"2,143",565,85,31,300,0,93,10,0,42,4,15%,5%,53%,0%,16%,2%,0%,7%,1%,1.12,74%,17%,2%,7%,0.46,93%,,,
Hatherleigh,,Black Torrington,3,17,Yes,,Okehampton,14,West Devon,8,290,322,"1,606",369,45,22,156,6,94,7,13,25,1,12%,6%,42%,2%,25%,2%,4%,7%,0%,0.98,60%,31%,2%,7%,0.42,87%,,,
"Hawkchurch (from Dorset, 1896) Phillyholme tything",,Not Devon,99,2,,Not Devon,Honiton (later),99,East Devon,6,114,123,570,152,16,14,62,15,19,0,17,9,0,11%,9%,41%,10%,13%,0%,11%,6%,0%,1.13,61%,34%,0%,6%,0.43,87%,,,
"Hawkchurch (from Dorset, 1896) Wyldecourt tything",,Not Devon,99,3,,Not Devon,Honiton (later),99,East Devon,6,63,71,316,81,2,2,17,20,30,1,3,6,0,2%,2%,21%,25%,37%,1%,4%,7%,0%,1.09,26%,65%,1%,7%,0.48,97%,,,
Heanton Punchardon,,Braunton,4,15,,,Shirwell,17,North Devon,10,107,108,586,146,17,2,73,1,26,1,6,17,3,12%,1%,50%,1%,18%,1%,4%,12%,2%,1.06,63%,25%,1%,12%,0.4,81%,,,
Hemyock,,Hemyock,18,7,,Medium,Dunkeswell,6,Mid Devon,7,240,253,"1,228",317,38,12,164,0,58,3,21,20,1,12%,4%,52%,0%,18%,1%,7%,6%,0%,1.1,68%,25%,1%,6%,0.43,87%,,,
Hennock,,Teignbridge,29,5,,,Moreton,13,Teignbridge,5,140,143,747,194,19,2,110,0,32,6,19,4,2,10%,1%,57%,0%,16%,3%,10%,2%,1%,1.11,68%,27%,3%,2%,0.45,92%,,,
High Bickington,,North Tawton & Winkleigh,28,14,,,Barnstaple,2,Torridge,9,142,163,853,196,45,0,78,0,40,2,20,10,1,23%,0%,40%,0%,20%,1%,10%,5%,1%,0.98,63%,31%,1%,5%,0.43,89%,,,
High Bray,,Shirwell,25,6,,,Shirwell,17,North Devon,10,48,48,280,71,15,2,33,0,12,1,6,2,0,21%,3%,46%,0%,17%,1%,8%,3%,0%,1.08,70%,25%,1%,3%,0.47,96%,,,
Highampton,,Black Torrington,3,18,,,Okehampton,14,West Devon,8,67,67,364,96,13,13,39,0,12,2,2,15,0,14%,14%,41%,0%,13%,2%,2%,16%,0%,1.12,68%,15%,2%,16%,0.46,94%,,,
Highweek (Newton Abbot),,Teignbridge,29,6,,Medium,Moreton,13,Teignbridge,5,216,219,"1,109",236,8,5,32,1,132,8,24,21,5,3%,2%,14%,0%,56%,3%,10%,9%,2%,0.91,19%,69%,3%,9%,0.47,97%,,,
Hittisleigh,,Wonford,32,13,,,Dunsford,7,Mid Devon,7,30,31,168,39,7,0,24,0,7,0,0,1,0,18%,0%,62%,0%,18%,0%,0%,3%,0%,0.99,79%,18%,0%,3%,0.38,77%,,,
Hockworthy,,Bampton,2,4,,,Tiverton,22,Mid Devon,7,52,53,335,85,17,3,35,0,17,0,4,8,1,20%,4%,41%,0%,20%,0%,5%,9%,1%,1.08,65%,26%,0%,9%,0.45,92%,,,
Holbeton,,Ermington,11,6,,Medium,Plympton,15,South Hams,4,219,219,"1,107",275,40,1,134,0,61,10,9,11,9,15%,0%,49%,0%,22%,4%,3%,4%,3%,1.06,64%,29%,4%,4%,0.48,97%,,,
Holcombe Burnell,,Wonford,32,14,,,Dunsford,7,Teignbridge,5,44,50,264,70,10,7,28,0,8,2,3,11,1,14%,10%,40%,0%,11%,3%,4%,16%,1%,1.13,64%,17%,3%,16%,0.47,97%,,,
Holcombe Rogus,,Bampton,2,5,,,Tiverton,22,Mid Devon,7,158,187,915,239,20,4,62,0,51,2,86,13,1,8%,2%,26%,0%,21%,1%,36%,5%,0%,1.11,36%,58%,1%,5%,0.46,93%,,,
Hollacombe,,Black Torrington,3,19,,,Holsworthy,9,Torridge,9,21,21,100,25,4,2,16,0,0,0,0,3,0,16%,8%,64%,0%,0%,0%,0%,12%,0%,1.06,88%,0%,0%,12%,0.35,72%,,,
Holne,,Stanborough,26,9,,,Totnes,24,South Hams,4,62,62,369,99,13,4,68,0,9,1,4,0,0,13%,4%,69%,0%,9%,1%,4%,0%,0%,1.14,86%,13%,1%,0%,0.41,84%,,,
Holsworthy,,Black Torrington,3,20,Yes,,Holsworthy,9,Torridge,9,286,293,"1,628",343,57,13,87,0,96,31,38,21,0,17%,4%,25%,0%,28%,9%,11%,6%,0%,0.9,46%,39%,9%,6%,0.52,107%,,,
Honeychurch,,Black Torrington,3,21,,,Okehampton,14,West Devon,8,10,10,72,14,6,0,8,0,0,0,0,0,0,43%,0%,57%,0%,0%,0%,0%,0%,0%,0.83,100%,0%,0%,0%,0.36,74%,,,
Honiton,1,Axminster,1,5,Yes,,Honiton,10,East Devon,6,709,808,"3,509",771,14,9,26,0,412,58,199,35,18,2%,1%,3%,0%,53%,8%,26%,5%,2%,0.94,6%,82%,8%,5%,0.55,113%,,,
Horwood,,Fremington,13,4,,,Barnstaple,2,North Devon,10,23,23,130,42,4,1,15,0,10,1,9,2,0,10%,2%,36%,0%,24%,2%,21%,5%,0%,1.37,48%,45%,2%,5%,0.6,122%,,,
Huish,,Shebbear,24,9,,,Torrington,23,Torridge,9,19,19,131,28,4,0,15,0,6,0,0,0,3,14%,0%,54%,0%,21%,0%,0%,0%,11%,0.91,68%,32%,0%,0%,0.35,73%,,,
Huntsham,,Tiverton,30,2,,,Tiverton,22,Mid Devon,7,28,30,170,39,1,0,31,0,6,1,0,0,0,3%,0%,79%,0%,15%,3%,0%,0%,0%,0.98,82%,15%,3%,0%,0.34,69%,,,
Huntshaw,,Fremington,13,5,,,Barnstaple,2,Torridge,9,54,55,312,70,11,8,30,0,12,0,1,8,0,16%,11%,43%,0%,17%,0%,1%,11%,0%,0.95,70%,19%,0%,11%,0.38,78%,,,
Huxham,,Wonford,32,15,,,Aylesbeare,1,East Devon,6,25,30,153,49,5,2,22,0,20,0,0,0,0,10%,4%,45%,0%,41%,0%,0%,0%,0%,1.36,59%,41%,0%,0%,0.59,122%,,,
Iddesleigh,,Shebbear,24,10,,,Torrington,23,West Devon,8,98,100,574,133,17,0,62,0,22,1,0,30,1,13%,0%,47%,0%,17%,1%,0%,23%,1%,0.99,59%,17%,1%,23%,0.36,74%,,,
Ide,,Exminster,12,9,,,Kenn,12,Teignbridge,5,135,172,757,141,12,5,42,0,26,1,4,48,3,9%,4%,30%,0%,18%,1%,3%,34%,2%,0.79,42%,23%,1%,34%,0.29,59%,,,
Ideford,,Teignbridge,29,7,,,Moreton,13,Teignbridge,5,74,74,381,85,9,5,40,0,21,3,4,3,0,11%,6%,47%,0%,25%,4%,5%,4%,0%,0.95,64%,29%,4%,4%,0.43,87%,,,
Ilfracombe,,Braunton,4,16,Yes,,Shirwell,17,North Devon,10,623,701,"3,201",710,40,17,103,0,169,32,208,124,17,6%,2%,15%,0%,24%,5%,29%,17%,2%,0.94,23%,55%,5%,17%,0.44,89%,,,
Ilsington,,Teignbridge,29,8,,Medium,Moreton,13,Teignbridge,5,207,225,"1,298",335,35,12,122,0,57,6,91,10,2,10%,4%,36%,0%,17%,2%,27%,3%,1%,1.1,50%,45%,2%,3%,0.46,93%,,,
Instow,,Fremington,13,6,,,Barnstaple,2,North Devon,10,67,72,369,91,10,9,30,0,17,5,12,8,0,11%,10%,33%,0%,19%,5%,13%,9%,0%,1.05,54%,32%,5%,9%,0.51,103%,,,
Inwardleigh,,Black Torrington,3,22,,,Okehampton,14,West Devon,8,102,106,638,133,18,20,76,0,15,2,0,2,0,14%,15%,57%,0%,11%,2%,0%,2%,0%,0.89,86%,11%,2%,2%,0.35,72%,,,
Ipplepen (excl Woodland),,Haytor,17,10,,,Ipplepen,11,Teignbridge,5,166,189,927,218,23,16,78,0,47,15,25,10,4,11%,7%,36%,0%,22%,7%,11%,5%,2%,1,54%,35%,7%,5%,0.51,104%,,,
Jacobstowe,,Black Torrington,3,23,,,Okehampton,14,West Devon,8,45,45,293,74,21,1,32,0,14,1,0,5,0,28%,1%,43%,0%,19%,1%,0%,7%,0%,1.07,73%,19%,1%,7%,0.49,101%,,,
Kelly,,Lifton,19,8,,,Tavistock,20,West Devon,8,41,45,250,63,9,4,26,0,6,2,11,3,2,14%,6%,41%,0%,10%,3%,17%,5%,3%,1.07,62%,30%,3%,5%,0.46,94%,,,
Kenn,,Exminster,12,10,,,Kenn,12,Teignbridge,5,143,174,982,276,21,3,147,0,55,6,14,24,6,8%,1%,53%,0%,20%,2%,5%,9%,2%,1.2,62%,27%,2%,9%,0.46,95%,,,
Kennerleigh,,Crediton,10,10,,,Cadbury,3,Mid Devon,7,22,22,110,27,5,2,11,0,5,0,2,2,0,19%,7%,41%,0%,19%,0%,7%,7%,0%,1.04,67%,26%,0%,7%,0.43,88%,,,
Kentisbeare (incl Blackborough),,Hayridge,16,8,,Medium,Plymtree,16,Mid Devon,7,280,280,"1,336",309,27,26,136,2,51,6,43,17,1,9%,8%,44%,1%,17%,2%,14%,6%,0%,0.98,61%,31%,2%,6%,0.4,81%,,,
Kentisbury,,Braunton,4,17,,,Shirwell,17,North Devon,10,62,71,340,103,11,6,63,0,16,2,0,5,0,11%,6%,61%,0%,16%,2%,0%,5%,0%,1.29,78%,16%,2%,5%,0.5,102%,,,
Kenton,,Exminster,12,11,,Large,Kenn,12,Teignbridge,5,376,396,"2,050",506,25,17,152,0,171,29,59,33,20,5%,3%,30%,0%,34%,6%,12%,7%,4%,1.05,38%,49%,6%,7%,0.52,107%,,,
Kilmington,2,Axminster,1,6,,,Honiton,10,East Devon,6,106,116,540,145,15,2,73,0,37,2,6,5,5,10%,1%,50%,0%,26%,1%,4%,3%,3%,1.14,62%,33%,1%,3%,0.47,95%,,,
King's Nympton,,Witheridge,31,6,,,South Molton,18,North Devon,10,124,133,699,172,26,15,92,0,26,2,2,9,0,15%,9%,53%,0%,15%,1%,1%,5%,0%,1.05,77%,16%,1%,5%,0.42,86%,,,
Kingsbridge,,Stanborough,26,12,Yes (part),,Woodleigh,25,South Hams,4,239,309,"1,586",363,0,1,21,1,212,40,45,36,7,0%,0%,6%,0%,58%,11%,12%,10%,2%,0.97,6%,73%,11%,10%,0.62,127%,,,
Kingskerswell,,Haytor,17,12,,,Ipplepen,11,Teignbridge,5,140,167,771,182,21,6,64,0,58,2,2,29,0,12%,3%,35%,0%,32%,1%,1%,16%,0%,1,50%,33%,1%,16%,0.43,88%,,,
Kingsteignton,,Teignbridge,29,9,,Medium,Moreton,13,Teignbridge,5,261,261,"1,288",319,19,12,108,0,57,6,97,17,3,6%,4%,34%,0%,18%,2%,30%,5%,1%,1.05,44%,49%,2%,5%,0.42,87%,,,
Kingston,,Ermington,11,7,,,Plympton,15,South Hams,4,86,91,504,125,16,1,63,0,21,0,17,7,0,13%,1%,50%,0%,17%,0%,14%,6%,0%,1.06,64%,30%,0%,6%,0.39,80%,,,
Kingswear,,Haytor,17,13,,,Ipplepen,11,South Hams,4,58,65,275,49,1,0,8,0,14,0,14,12,0,2%,0%,16%,0%,29%,0%,29%,24%,0%,0.76,18%,57%,0%,24%,0.29,59%,,,
Knowstone,,South Molton,20,6,,,South Molton,18,North Devon,10,91,104,521,141,29,8,81,0,20,3,0,0,0,21%,6%,57%,0%,14%,2%,0%,0%,0%,1.15,84%,14%,2%,0%,0.5,101%,,,
Lamerton,,Lifton,19,9,,Medium,Tavistock,20,West Devon,8,214,224,"1,209",286,22,0,178,0,36,4,39,1,6,8%,0%,62%,0%,13%,1%,14%,0%,2%,1.01,70%,28%,1%,0%,0.36,73%,,,
Landcross,,Shebbear,24,11,,,Hartland,8,Torridge,9,19,21,96,24,2,0,16,0,5,1,0,0,0,8%,0%,67%,0%,21%,4%,0%,0%,0%,1.06,75%,21%,4%,0%,0.44,90%,,,
Landkey,,South Molton,20,7,,,Barnstaple,2,North Devon,10,143,157,790,200,32,8,105,0,34,4,6,11,0,16%,4%,53%,0%,17%,2%,3%,6%,0%,1.08,73%,20%,2%,6%,0.45,92%,,,
Langtree,,Shebbear,24,12,,,Torrington,23,Torridge,9,152,164,888,200,32,7,94,0,30,3,11,18,5,16%,4%,47%,0%,15%,2%,6%,9%,3%,0.96,67%,23%,2%,9%,0.39,79%,,,
Lapford,,North Tawton & Winkleigh,28,15,,,Chulmleigh,5,Mid Devon,7,136,144,700,169,23,4,91,0,38,5,4,4,0,14%,2%,54%,0%,22%,3%,2%,2%,0%,1.03,70%,25%,3%,2%,0.45,91%,,,
Lew Trenchard,,Lifton,19,10,,,Tavistock,20,West Devon,8,53,77,438,136,13,10,60,0,19,4,28,2,0,10%,7%,44%,0%,14%,3%,21%,1%,0%,1.32,61%,35%,3%,1%,0.55,113%,,,
Lifton,,Lifton,19,13,Historically,,Tavistock,20,West Devon,8,277,288,"1,535",419,30,10,188,0,96,11,60,18,6,7%,2%,45%,0%,23%,3%,14%,4%,1%,1.16,54%,39%,3%,4%,0.48,99%,,,
Little Torrington,,Shebbear,24,25,,,Torrington,23,Torridge,9,111,115,572,146,18,4,62,0,22,2,12,23,3,12%,3%,42%,0%,15%,1%,8%,16%,2%,1.09,58%,25%,1%,16%,0.42,86%,,,
Littleham (near Bideford),,Shebbear,24,13,,,Hartland,8,Torridge,9,84,84,424,97,18,1,52,0,22,1,1,2,0,19%,1%,54%,0%,23%,1%,1%,2%,0%,0.97,73%,24%,1%,2%,0.41,84%,,,
Littleham and Exmouth,,East Budleigh,5,13,,Large,Aylesbeare,1,East Devon,6,670,741,"3,189",670,8,2,38,0,282,50,184,88,18,1%,0%,6%,0%,42%,7%,27%,13%,3%,0.89,7%,72%,7%,13%,0.49,100%,,,
Littlehempston,,Haytor,17,14,,,Ipplepen,11,South Hams,4,55,55,321,77,8,9,33,0,10,3,3,8,3,10%,12%,43%,0%,13%,4%,4%,10%,4%,1.02,65%,21%,4%,10%,0.44,90%,,,
Loddiswell,,Stanborough,26,13,,,Woodleigh,25,South Hams,4,160,168,826,192,22,15,71,0,55,10,15,4,0,11%,8%,37%,0%,29%,5%,8%,2%,0%,0.99,56%,36%,5%,2%,0.5,102%,,,
Loxbeare,,Tiverton,30,3,,,Tiverton,22,Mid Devon,7,23,26,157,42,4,4,27,0,5,0,2,0,0,10%,10%,64%,0%,12%,0%,5%,0%,0%,1.14,83%,17%,0%,0%,0.4,81%,,,
Loxhore,,Shirwell,25,8,,,Shirwell,17,North Devon,10,48,50,248,69,15,0,40,0,3,0,0,11,0,22%,0%,58%,0%,4%,0%,0%,16%,0%,1.18,80%,4%,0%,16%,0.42,85%,,,
Luffincott,,Black Torrington,3,24,,,Holsworthy,9,Torridge,9,12,12,92,21,2,1,14,0,4,0,0,0,0,10%,5%,67%,0%,19%,0%,0%,0%,0%,0.97,81%,19%,0%,0%,0.35,71%,,,
Luppitt,5,Axminster,1,7,,,Dunkeswell,6,East Devon,6,139,151,702,176,44,0,110,0,17,1,0,4,0,25%,0%,63%,0%,10%,1%,0%,2%,0%,1.07,88%,10%,1%,2%,0.42,86%,,,
Lustleigh,,Teignbridge,29,10,,,Moreton,13,Teignbridge,5,56,58,361,81,16,0,45,0,9,2,3,6,0,20%,0%,56%,0%,11%,2%,4%,7%,0%,0.95,75%,15%,2%,7%,0.39,80%,,,
Lydford (excl Dartmoor Forest / Princetown),,Lifton,19,11,Historically,,Tavistock,20,West Devon,8,97,97,477,131,16,29,45,0,21,2,18,0,0,12%,22%,34%,0%,16%,2%,14%,0%,0%,1.17,69%,30%,2%,0%,0.52,106%,,,
Lympstone,,East Budleigh,5,14,,Medium,Aylesbeare,1,East Devon,6,226,243,"1,066",230,13,3,61,0,77,21,22,24,9,6%,1%,27%,0%,33%,9%,10%,10%,4%,0.92,33%,47%,9%,10%,0.5,103%,,,
Lynton,,Shirwell,25,7,,,Shirwell,17,North Devon,10,153,159,792,202,21,12,55,0,68,7,29,8,2,10%,6%,27%,0%,34%,3%,14%,4%,1%,1.09,44%,49%,3%,4%,0.53,109%,,,
"Maker (Mostly Cornwall, but Vaulter's Home = Devon)",,Roborough,23,8,,Medium,East (Cornwall),26,No longer Devon,99,215,278,"1,092",230,7,2,30,0,51,29,66,37,8,3%,1%,13%,0%,22%,13%,29%,16%,3%,0.9,17%,54%,13%,16%,0.52,105%,,,
Malborough (incl Salcombe),,Stanborough,26,14,,Large,Woodleigh,25,South Hams,4,319,334,"1,604",360,30,7,105,0,97,16,82,17,6,8%,2%,29%,0%,27%,4%,23%,5%,2%,0.96,39%,51%,4%,5%,0.45,93%,,,
Mamhead,,Exminster,12,12,,,Kenn,12,Teignbridge,5,52,52,330,111,4,0,46,0,42,5,9,0,5,4%,0%,41%,0%,38%,5%,8%,0%,5%,1.43,45%,50%,5%,0%,0.68,139%,,,
Manaton,,Teignbridge,29,11,,,Moreton,13,Teignbridge,5,68,72,435,113,23,1,54,0,11,5,15,4,0,20%,1%,48%,0%,10%,4%,13%,4%,0%,1.11,69%,23%,4%,4%,0.5,103%,,,
Mariansleigh,,Witheridge,31,7,,,South Molton,18,North Devon,10,58,59,282,79,18,0,24,0,36,0,0,1,0,23%,0%,30%,0%,46%,0%,0%,1%,0%,1.19,53%,46%,0%,1%,0.6,122%,,,
Marldon,,Haytor,17,15,,,Ipplepen,11,South Hams,4,68,80,438,103,17,4,46,0,32,2,0,2,0,17%,4%,45%,0%,31%,2%,0%,2%,0%,1,65%,31%,2%,2%,0.46,95%,,,
Martinhoe,,Shirwell,25,9,,,Shirwell,17,North Devon,10,50,50,235,62,23,0,36,0,3,0,0,0,0,37%,0%,58%,0%,5%,0%,0%,0%,0%,1.12,95%,5%,0%,0%,0.48,98%,,,
Marwood,,Braunton,4,18,,,Shirwell,17,North Devon,10,189,192,944,240,36,0,86,0,68,7,0,43,0,15%,0%,36%,0%,28%,3%,0%,18%,0%,1.08,51%,28%,3%,18%,0.49,100%,,,
Mary Tavy,,Lifton,19,15,,Medium,Tamerton,19,West Devon,8,93,184,"1,123",367,18,2,67,0,26,2,241,6,5,5%,1%,18%,0%,7%,1%,66%,2%,1%,1.39,24%,74%,1%,2%,0.52,106%,,,
Marystowe,,Lifton,19,14,,,Tavistock,20,West Devon,8,82,94,508,126,14,4,50,0,22,1,28,7,0,11%,3%,40%,0%,17%,1%,22%,6%,0%,1.06,54%,40%,1%,6%,0.42,85%,,,
Meavy,,Roborough,23,9,,,Tamerton,19,West Devon,8,45,48,336,68,8,15,30,0,6,4,0,5,0,12%,22%,44%,0%,9%,6%,0%,7%,0%,0.86,78%,9%,6%,7%,0.4,83%,,,
Meeth,,Shebbear,24,14,,,Torrington,23,West Devon,8,58,58,298,73,12,1,49,0,9,1,0,0,1,16%,1%,67%,0%,12%,1%,0%,0%,1%,1.04,85%,14%,1%,0%,0.4,82%,,,
Membury,3,Axminster,1,8,,,Honiton,10,East Devon,6,145,172,870,217,27,9,120,0,43,0,9,9,0,12%,4%,55%,0%,20%,0%,4%,4%,0%,1.06,72%,24%,0%,4%,0.4,82%,,,
Merton,,Shebbear,24,15,,,Torrington,23,Torridge,9,140,146,740,195,15,9,97,0,53,1,8,10,2,8%,5%,50%,0%,27%,1%,4%,5%,1%,1.12,62%,32%,1%,5%,0.44,90%,,,
Meshaw,,Witheridge,31,8,,,South Molton,18,North Devon,10,36,37,166,43,12,0,12,0,19,0,0,0,0,28%,0%,28%,0%,44%,0%,0%,0%,0%,1.1,56%,44%,0%,0%,0.58,118%,,,
Milton Abbot,,Tavistock,27,2,,Medium,Tavistock,20,West Devon,8,207,223,"1,205",318,40,2,155,0,79,8,9,24,1,13%,1%,49%,0%,25%,3%,3%,8%,0%,1.12,62%,28%,3%,8%,0.48,98%,,,
Milton Damerell,,Black Torrington,3,25,,,Holsworthy,9,Torridge,9,144,144,761,175,36,14,71,0,27,1,6,20,0,21%,8%,41%,0%,15%,1%,3%,11%,0%,0.98,69%,19%,1%,11%,0.41,84%,,,
Modbury,,Ermington,11,8,Yes,,Plympton,15,South Hams,4,364,432,"2,116",527,40,5,189,3,173,43,10,52,12,8%,1%,36%,1%,33%,8%,2%,10%,2%,1.06,44%,38%,8%,10%,0.56,114%,,,
Molland,,South Molton,20,8,,,South Molton,18,North Devon,10,98,100,531,146,22,7,68,0,37,0,0,12,0,15%,5%,47%,0%,25%,0%,0%,8%,0%,1.17,66%,25%,0%,8%,0.48,97%,,,
Monkleigh,,Shebbear,24,16,,,Hartland,8,Torridge,9,109,110,562,152,18,3,68,0,31,1,29,2,0,12%,2%,45%,0%,20%,1%,19%,1%,0%,1.15,59%,39%,1%,1%,0.46,94%,,,
Monkokehampton,,Black Torrington,3,26,,,Okehampton,14,West Devon,8,40,42,259,61,13,4,14,0,16,0,0,14,0,21%,7%,23%,0%,26%,0%,0%,23%,0%,1,51%,26%,0%,23%,0.44,91%,,,
Monkton,4,Colyton,9,7,,,Honiton,10,East Devon,6,22,26,120,31,7,0,16,0,8,0,0,0,0,23%,0%,52%,0%,26%,0%,0%,0%,0%,1.1,74%,26%,0%,0%,0.48,97%,,,
Morchard Bishop,,Crediton,10,11,,Large,Cadbury,3,Mid Devon,7,375,422,"2,003",427,41,15,224,2,88,6,22,29,0,10%,4%,52%,0%,21%,1%,5%,7%,0%,0.91,66%,26%,1%,7%,0.35,72%,,,
Morebath,,Bampton,2,6,,,Tiverton,22,Mid Devon,7,76,80,436,116,19,0,55,0,23,7,0,3,9,16%,0%,47%,0%,20%,6%,0%,3%,8%,1.13,64%,28%,6%,3%,0.56,113%,,,
Moreleigh,,Stanborough,26,16,,,Woodleigh,25,South Hams,4,20,20,182,39,6,0,25,0,7,1,0,0,0,15%,0%,64%,0%,18%,3%,0%,0%,0%,0.91,79%,18%,3%,0%,0.38,77%,,,
Moretonhampstead,,Teignbridge,29,12,Yes,,Moreton,13,Teignbridge,5,383,400,"1,864",447,51,0,208,0,128,21,2,37,0,11%,0%,47%,0%,29%,5%,0%,8%,0%,1.02,58%,29%,5%,8%,0.48,97%,,,
Mortenhoe,,Braunton,4,19,,,Shirwell,17,North Devon,10,60,62,338,87,14,10,50,0,7,2,1,3,0,16%,11%,57%,0%,8%,2%,1%,3%,0%,1.1,85%,9%,2%,3%,0.44,91%,,,
Musbury,2,Axminster,1,9,,,Honiton,10,East Devon,6,82,84,418,115,18,0,63,0,12,0,14,8,0,16%,0%,55%,0%,10%,0%,12%,7%,0%,1.17,70%,23%,0%,7%,0.42,86%,,,
Nether Exe,,Hayridge,16,9,,,Cadbury,3,East Devon,6,19,19,99,24,3,0,13,0,1,0,1,6,0,13%,0%,54%,0%,4%,0%,4%,25%,0%,1.03,67%,8%,0%,25%,0.32,66%,,,
Newton Ferrers,,Ermington,11,9,,,Plympton,15,South Hams,4,131,137,767,195,17,2,107,0,38,10,7,8,6,9%,1%,55%,0%,19%,5%,4%,4%,3%,1.08,65%,26%,5%,4%,0.48,97%,,,
Newton Poppleford,,East Budleigh,5,2,,,Aylesbeare,1,East Devon,6,118,121,588,122,7,3,43,3,50,4,11,1,0,6%,2%,35%,2%,41%,3%,9%,1%,0%,0.88,43%,52%,3%,1%,0.42,87%,,,
Newton St Cyres,,Crediton,10,12,,Medium,Cadbury,3,Mid Devon,7,231,238,"1,311",382,28,4,180,0,146,2,15,7,0,7%,1%,47%,0%,38%,1%,4%,2%,0%,1.24,55%,42%,1%,2%,0.52,106%,,,
Newton St Petrock,,Shebbear,24,17,,,Torrington,23,Torridge,9,44,48,256,67,14,3,27,0,8,2,0,13,0,21%,4%,40%,0%,12%,3%,0%,19%,0%,1.11,66%,12%,3%,19%,0.48,99%,,,
Newton Tracey,,Fremington,13,8,,,Barnstaple,2,North Devon,10,25,26,111,36,6,1,13,0,12,0,0,4,0,17%,3%,36%,0%,33%,0%,0%,11%,0%,1.38,56%,33%,0%,11%,0.6,123%,,,
North Bovey,,Teignbridge,29,3,,,Moreton,13,Teignbridge,5,106,119,609,153,29,3,72,1,23,3,13,8,1,19%,2%,47%,1%,15%,2%,8%,5%,1%,1.07,68%,25%,2%,5%,0.45,93%,,,
North Huish,,Stanborough,26,10,,,Plympton,15,South Hams,4,61,63,457,108,30,0,42,0,28,4,4,0,0,28%,0%,39%,0%,26%,4%,4%,0%,0%,1.01,67%,30%,4%,0%,0.53,107%,,,
North Lew,,Black Torrington,3,27,,,Okehampton,14,West Devon,8,142,193,980,202,29,30,99,0,32,1,2,9,0,14%,15%,49%,0%,16%,0%,1%,4%,0%,0.88,78%,17%,0%,4%,0.35,72%,,,
North Molton,,South Molton,20,9,,Large,South Molton,18,North Devon,10,357,374,"1,937",466,54,37,140,33,132,10,30,30,0,12%,8%,30%,7%,28%,2%,6%,6%,0%,1.02,50%,42%,2%,6%,0.47,96%,,,
"North Petherwin (to Cornwall, 1966)",,Black Torrington,3,28,,Medium,Trigg Major (Cornwall),26,No longer Devon,99,172,186,"1,044",258,57,11,126,0,35,2,21,6,0,22%,4%,49%,0%,14%,1%,8%,2%,0%,1.05,75%,22%,1%,2%,0.44,90%,,,
North Tawton (incl Broad Nymet),,North Tawton & Winkleigh,28,17,Historically,,Chulmleigh,5,West Devon,8,325,352,"1,788",422,38,0,162,20,112,8,52,28,2,9%,0%,38%,5%,27%,2%,12%,7%,0%,1,47%,44%,2%,7%,0.42,87%,,,
Northam (incl Appledore),,Shebbear,24,18,Yes,,Hartland,8,Torridge,9,584,611,"2,727",441,17,20,77,0,168,27,63,56,13,4%,5%,17%,0%,38%,6%,14%,13%,3%,0.69,26%,55%,6%,13%,0.36,73%,,,
Northleigh,5,Colyton,9,5,,,Honiton,10,East Devon,6,46,47,240,59,12,14,25,0,5,0,3,0,0,20%,24%,42%,0%,8%,0%,5%,0%,0%,1.05,86%,14%,0%,0%,0.44,90%,,,
Nymet Rowland,,North Tawton & Winkleigh,28,16,,,Chulmleigh,5,Mid Devon,7,17,17,99,20,7,0,13,0,0,0,0,0,0,35%,0%,65%,0%,0%,0%,0%,0%,0%,0.86,100%,0%,0%,0%,0.34,70%,,,
Oakford,,Witheridge,31,9,,,South Molton,18,Mid Devon,7,103,103,497,155,25,7,79,0,29,2,6,7,0,16%,5%,51%,0%,19%,1%,4%,5%,0%,1.33,72%,23%,1%,5%,0.55,112%,,,
Offwell,5,Colyton,9,8,,,Honiton,10,East Devon,6,80,85,385,101,11,7,60,0,19,1,0,3,0,11%,7%,59%,0%,19%,1%,0%,3%,0%,1.12,77%,19%,1%,3%,0.43,88%,,,
Okehampton (incl Kigbeare),,Lifton,19,16,Yes,,Okehampton,14,West Devon,8,393,419,"2,055",509,44,10,201,0,140,23,65,19,7,9%,2%,39%,0%,28%,5%,13%,4%,1%,1.05,50%,42%,5%,4%,0.49,101%,,,
Otterton,,East Budleigh,5,15,,Medium,Aylesbeare,1,East Devon,6,215,250,"1,178",263,32,7,142,0,66,2,1,9,4,12%,3%,54%,0%,25%,1%,0%,3%,2%,0.95,69%,27%,1%,3%,0.38,78%,,,
Ottery St Mary,,Ottery,21,1,Yes,,Aylesbeare,1,East Devon,6,738,856,"3,849",863,55,43,356,1,256,65,37,31,19,6%,5%,41%,0%,30%,8%,4%,4%,2%,0.95,53%,36%,8%,4%,0.49,100%,,,
Paignton,,Haytor,17,17,Historically,,Ipplepen,11,Torbay,3,354,401,"1,960",400,46,6,164,0,143,27,0,10,4,12%,2%,41%,0%,36%,7%,0%,3%,1%,0.87,54%,37%,7%,3%,0.46,94%,,,
Pancrasweek,,Black Torrington,3,29,,,Holsworthy,9,Torridge,9,89,97,526,132,31,7,68,0,14,0,9,3,0,23%,5%,52%,0%,11%,0%,7%,2%,0%,1.07,80%,17%,0%,2%,0.43,88%,,,
Parkham,,Shebbear,24,19,,,Hartland,8,Torridge,9,187,187,923,195,52,6,101,0,33,3,0,0,0,27%,3%,52%,0%,17%,2%,0%,0%,0%,0.9,82%,17%,2%,0%,0.41,83%,,,
Parracombe,,Shirwell,25,10,,,Shirwell,17,North Devon,10,74,75,409,106,18,5,51,0,24,2,0,6,0,17%,5%,48%,0%,23%,2%,0%,6%,0%,1.1,70%,23%,2%,6%,0.48,98%,,,
Payhembury,,Hayridge,16,10,,,Plymtree,16,East Devon,6,104,106,542,155,13,2,92,0,30,1,6,11,0,8%,1%,59%,0%,19%,1%,4%,7%,0%,1.22,69%,23%,1%,7%,0.44,90%,,,
Pennycross / Weston Peverell (linked to Plymouth St Andrew),,Roborough,23,1,,,Three Towns,21,Plymouth,2,40,40,274,55,12,6,11,0,3,8,4,0,11,22%,11%,20%,0%,5%,15%,7%,0%,20%,0.85,53%,33%,15%,0%,0.56,114%,,,
Peter Tavy (incl Willsworthy),,Roborough,23,10,,,Tamerton,19,West Devon,8,83,88,500,109,27,0,33,0,14,1,31,3,0,25%,0%,30%,0%,13%,1%,28%,3%,0%,0.93,55%,41%,1%,3%,0.41,84%,,,
Peters Marland,,Shebbear,24,20,,,Torrington,23,Torridge,9,61,70,356,87,10,1,49,0,17,5,2,3,0,11%,1%,56%,0%,20%,6%,2%,3%,0%,1.04,69%,22%,6%,3%,0.48,97%,,,
Petrockstowe,,Shebbear,24,21,,,Torrington,23,Torridge,9,109,110,581,133,21,0,65,0,29,2,6,10,0,16%,0%,49%,0%,22%,2%,5%,8%,0%,0.97,65%,26%,2%,8%,0.41,83%,,,
Pilton,,Braunton,4,20,,Large,Barnstaple,2,North Devon,10,349,401,"1,819",393,10,6,56,19,174,21,79,19,9,3%,2%,14%,5%,44%,5%,20%,5%,2%,0.92,18%,72%,5%,5%,0.48,99%,,,
Pinhoe,,Wonford,32,20,,,Aylesbeare,1,Exeter,1,108,109,517,114,14,5,61,0,25,0,8,1,0,12%,4%,54%,0%,22%,0%,7%,1%,0%,0.94,70%,29%,0%,1%,0.36,75%,,,
Plymouth Charles the Martyr (excl Compton Gifford),,Plymouth Borough,34,2,,Plymouth/SD,Three Towns,21,Plymouth,2,"1,388","2,832","12,196","2,768",8,17,54,22,"1,296",317,741,278,35,0%,1%,2%,1%,47%,11%,27%,10%,1%,0.97,3%,76%,11%,10%,0.6,123%,,,
Plymouth St Andrew (excl Pennycross / Weston Peverell),,Plymouth Borough,34,1,,Plymouth/SD,Three Towns,21,Plymouth,2,"2,084","4,286","18,884","4,157",17,25,104,27,"1,957",484,997,460,86,0%,1%,3%,1%,47%,12%,24%,11%,2%,0.94,4%,74%,12%,11%,0.59,120%,,,
Plympton St Mary,,Plympton,22,3,Yes (part),,Plympton,15,South Hams,4,340,425,"2,153",541,48,8,201,0,121,33,83,24,23,9%,1%,37%,0%,22%,6%,15%,4%,4%,1.07,48%,42%,6%,4%,0.52,105%,,,
Plympton St Maurice / Plympton Earl,,Plympton,22,2,Yes (part),,Plympton,15,South Hams,4,123,175,804,184,0,11,33,0,62,23,32,14,9,0%,6%,18%,0%,34%,13%,17%,8%,5%,0.97,24%,56%,13%,8%,0.58,119%,,,
Plymstock,,Plympton,22,4,,Large,Plympton,15,Plymouth,2,466,638,"3,088",750,25,11,76,0,123,30,415,43,27,3%,1%,10%,0%,16%,4%,55%,6%,4%,1.03,15%,75%,4%,6%,0.46,94%,,,
Plymtree,,Hayridge,16,11,,,Plymtree,16,East Devon,6,62,83,439,98,19,5,45,0,26,1,0,2,0,19%,5%,46%,0%,27%,1%,0%,2%,0%,0.95,70%,27%,1%,2%,0.43,87%,,,
Poltimore,,Wonford,32,21,,,Aylesbeare,1,East Devon,6,62,63,292,75,10,5,26,0,13,1,0,17,3,13%,7%,35%,0%,17%,1%,0%,23%,4%,1.09,55%,21%,1%,23%,0.44,90%,,,
Poughill,,West Budleigh,6,2,,,Cadbury,3,Mid Devon,7,71,74,331,90,16,2,36,0,23,8,3,2,0,18%,2%,40%,0%,26%,9%,3%,2%,0%,1.16,60%,29%,9%,2%,0.65,133%,,,
Powderham,,Exminster,12,13,,,Kenn,12,Teignbridge,5,41,64,275,82,6,7,33,0,20,1,7,6,2,7%,9%,40%,0%,24%,1%,9%,7%,2%,1.27,56%,35%,1%,7%,0.52,106%,,,
Puddington,,Witheridge,31,10,,,South Molton,18,Mid Devon,7,35,36,184,49,11,0,30,0,5,2,0,1,0,22%,0%,61%,0%,10%,4%,0%,2%,0%,1.13,84%,10%,4%,2%,0.5,103%,,,
Pyworthy,,Black Torrington,3,30,,,Holsworthy,9,Torridge,9,122,128,700,176,28,15,109,0,19,1,0,3,1,16%,9%,62%,0%,11%,1%,0%,2%,1%,1.07,86%,11%,1%,2%,0.4,83%,,,
Rackenford,,Witheridge,31,11,,,South Molton,18,North Devon,10,83,96,472,119,11,10,64,0,25,1,4,4,0,9%,8%,54%,0%,21%,1%,3%,3%,0%,1.07,71%,24%,1%,3%,0.42,86%,,,
Rattery,,Stanborough,26,17,,,Totnes,24,South Hams,4,83,97,506,126,24,5,57,0,21,0,10,8,1,19%,4%,45%,0%,17%,0%,8%,6%,1%,1.06,68%,25%,0%,6%,0.43,87%,,,
Revelstoke,,Plympton,22,5,,,Plympton,15,South Hams,4,87,93,492,133,8,1,69,0,14,0,33,8,0,6%,1%,52%,0%,11%,0%,25%,6%,0%,1.15,59%,35%,0%,6%,0.38,78%,,,
"Rewe (part, excl Up Exe)",,Wonford,32,22,,,Plymtree,16,East Devon,6,36,36,186,55,5,0,24,0,16,2,6,1,1,9%,0%,44%,0%,29%,4%,11%,2%,2%,1.26,53%,42%,4%,2%,0.57,117%,,,
"Rewe (part, incl Up Exe)",,Hayridge,16,12,,,Plymtree,16,East Devon,6,18,18,100,22,4,1,12,0,1,0,2,2,0,18%,5%,55%,0%,5%,0%,9%,9%,0%,0.94,77%,14%,0%,9%,0.34,68%,,,
Ringmore,,Ermington,11,10,,,Woodleigh,25,South Hams,4,57,63,309,80,10,0,49,0,7,1,0,13,0,13%,0%,61%,0%,9%,1%,0%,16%,0%,1.1,74%,9%,1%,16%,0.38,78%,,,
Roborough (near Torrington),,Fremington,13,9,,,Torrington,23,Torridge,9,96,109,584,127,20,7,57,0,36,0,0,7,0,16%,6%,45%,0%,28%,0%,0%,6%,0%,0.93,66%,28%,0%,6%,0.39,80%,,,
Rockbeare,,East Budleigh,5,16,,,Aylesbeare,1,East Devon,6,100,100,530,114,18,14,50,0,24,0,4,4,0,16%,12%,44%,0%,21%,0%,4%,4%,0%,0.92,72%,25%,0%,4%,0.38,78%,,,
Romansleigh,,Witheridge,31,12,,,South Molton,18,North Devon,10,35,40,217,51,12,2,20,0,15,1,0,0,1,24%,4%,39%,0%,29%,2%,0%,0%,2%,1,67%,31%,2%,0%,0.49,101%,,,
Rose Ash,,Witheridge,31,13,,,South Molton,18,North Devon,10,92,92,487,130,25,3,84,0,14,1,0,3,0,19%,2%,65%,0%,11%,1%,0%,2%,0%,1.14,86%,11%,1%,2%,0.43,89%,,,
Rousdon,4,Axminster,1,10,,,Honiton,10,East Devon,6,1,1,10,2,1,0,1,0,0,0,0,0,0,50%,0%,50%,0%,0%,0%,0%,0%,0%,0.85,100%,0%,0%,0%,0.4,82%,,,
Salcombe Regis,,East Budleigh,5,17,,,Aylesbeare,1,East Devon,6,70,79,448,99,15,11,33,0,14,9,2,6,9,15%,11%,33%,0%,14%,9%,2%,6%,9%,0.94,60%,25%,9%,6%,0.51,105%,,,
Samford Courtenay (incl Sticklepath),,Black Torrington,3,31,,Medium,Okehampton,14,West Devon,8,212,214,"1,217",318,50,3,173,16,49,3,5,19,0,16%,1%,54%,5%,15%,1%,2%,6%,0%,1.11,71%,22%,1%,6%,0.43,88%,,,
Sampford Peverell,,Halberton,14,2,,,Tiverton,22,Mid Devon,7,143,145,787,206,13,15,78,0,60,7,12,20,1,6%,7%,38%,0%,29%,3%,6%,10%,0%,1.11,51%,35%,3%,10%,0.5,102%,,,
Sampford Spiney,,Roborough,23,11,,,Tamerton,19,West Devon,8,59,72,366,91,2,13,30,5,12,0,28,1,0,2%,14%,33%,5%,13%,0%,31%,1%,0%,1.06,49%,49%,0%,1%,0.39,80%,,,
Sandford,,Crediton,10,13,,Large,Cadbury,3,Mid Devon,7,404,464,"2,011",478,50,9,269,0,105,5,18,14,8,10%,2%,56%,0%,22%,1%,4%,3%,2%,1.01,69%,27%,1%,3%,0.39,81%,,,
Satterleigh,,South Molton,20,11,,,South Molton,18,North Devon,10,11,11,58,15,5,0,10,0,0,0,0,0,0,33%,0%,67%,0%,0%,0%,0%,0%,0%,1.1,100%,0%,0%,0%,0.43,88%,,,
Seaton (excl Beer),2,Colyton,9,9,,Medium,Honiton,10,East Devon,6,237,258,"1,203",248,12,2,59,0,37,5,115,18,0,5%,1%,24%,0%,15%,2%,46%,7%,0%,0.88,29%,61%,2%,7%,0.35,72%,,,
Shaldon / St Nicholas,,Wonford,32,17,,Medium,Kenn,12,Teignbridge,5,285,305,"1,178",222,6,2,15,0,114,28,34,20,3,3%,1%,7%,0%,51%,13%,15%,9%,1%,0.8,10%,68%,13%,9%,0.53,108%,,,
Shaugh Prior,,Plympton,22,6,,,Plympton,15,South Hams,4,88,100,570,138,13,19,63,0,15,1,21,6,0,9%,14%,46%,0%,11%,1%,15%,4%,0%,1.03,69%,26%,1%,4%,0.39,80%,,,
Shebbear,,Shebbear,24,23,,Medium,Torrington,23,Torridge,9,224,227,"1,179",258,30,32,104,0,51,2,0,39,0,12%,12%,40%,0%,20%,1%,0%,15%,0%,0.93,64%,20%,1%,15%,0.37,76%,,,
Sheepstor,,Roborough,23,12,,,Tamerton,19,West Devon,8,26,26,154,39,3,6,22,0,1,0,7,0,0,8%,15%,56%,0%,3%,0%,18%,0%,0%,1.08,79%,21%,0%,0%,0.36,74%,,,
Sheepwash,,Shebbear,24,24,Historically,,Torrington,23,Torridge,9,84,85,446,110,12,6,54,0,30,6,0,2,0,11%,5%,49%,0%,27%,5%,0%,2%,0%,1.05,65%,27%,5%,2%,0.51,104%,,,
Sheldon,,Hayridge,16,13,,,Dunkeswell,6,East Devon,6,29,38,185,54,7,2,35,0,6,1,0,3,0,13%,4%,65%,0%,11%,2%,0%,6%,0%,1.24,81%,11%,2%,6%,0.46,95%,,,
Sherford,,Coleridge,8,15,,,Woodleigh,25,South Hams,4,80,87,511,114,16,3,46,0,26,2,14,7,0,14%,3%,40%,0%,23%,2%,12%,6%,0%,0.95,57%,35%,2%,6%,0.41,84%,,,
Shillingford St George,,Exminster,12,14,,,Kenn,12,Teignbridge,5,12,12,89,24,3,0,8,0,6,1,5,0,1,13%,0%,33%,0%,25%,4%,21%,0%,4%,1.15,46%,50%,4%,0%,0.55,113%,,,
Shirwell,,Shirwell,25,11,,,Shirwell,17,North Devon,10,137,137,688,174,17,4,89,0,37,0,27,0,0,10%,2%,51%,0%,21%,0%,16%,0%,0%,1.08,63%,37%,0%,0%,0.41,83%,,,
Shobrooke,,West Budleigh,6,3,,,Cadbury,3,Mid Devon,7,130,130,644,177,21,0,120,0,31,1,0,4,0,12%,0%,68%,0%,18%,1%,0%,2%,0%,1.17,80%,18%,1%,2%,0.42,86%,,,
Shute,2,Colyton,9,11,,,Honiton,10,East Devon,6,115,142,617,134,15,10,69,0,31,0,0,9,0,11%,7%,51%,0%,23%,0%,0%,7%,0%,0.92,70%,23%,0%,7%,0.36,73%,,,
Sidbury,,East Budleigh,5,18,,Large,Aylesbeare,1,East Devon,6,307,366,"1,725",415,51,6,197,0,117,22,5,15,2,12%,1%,47%,0%,28%,5%,1%,4%,0%,1.02,61%,30%,5%,4%,0.5,101%,,,
Sidmouth,,East Budleigh,5,19,Yes,,Aylesbeare,1,East Devon,6,587,626,"3,126",646,16,7,97,0,279,84,86,17,60,2%,1%,15%,0%,43%,13%,13%,3%,9%,0.88,19%,66%,13%,3%,0.56,115%,,,
Silverton,,Hayridge,16,14,Historically,,Plymtree,16,Mid Devon,7,257,274,"1,389",335,36,4,119,0,113,9,21,28,5,11%,1%,36%,0%,34%,3%,6%,8%,1%,1.03,47%,41%,3%,8%,0.47,97%,,,
Slapton,,Coleridge,8,16,,,Woodleigh,25,South Hams,4,125,129,665,181,27,3,57,0,56,3,35,0,0,15%,2%,31%,0%,31%,2%,19%,0%,0%,1.16,48%,50%,2%,0%,0.54,111%,,,
Sourton,,Lifton,19,17,,,Tavistock,20,West Devon,8,106,115,625,154,16,24,63,0,9,0,31,11,0,10%,16%,41%,0%,6%,0%,20%,7%,0%,1.05,67%,26%,0%,7%,0.38,78%,,,
South Brent,,Stanborough,26,3,Yes,,Totnes,24,South Hams,4,226,227,"1,248",304,42,21,118,0,58,10,33,22,0,14%,7%,39%,0%,19%,3%,11%,7%,0%,1.04,60%,30%,3%,7%,0.47,95%,,,
South Huish,,Stanborough,26,11,,,Woodleigh,25,South Hams,4,68,72,357,91,12,2,59,0,9,0,8,1,0,13%,2%,65%,0%,10%,0%,9%,1%,0%,1.08,80%,19%,0%,1%,0.38,77%,,,
South Milton,,Stanborough,26,15,,,Woodleigh,25,South Hams,4,70,76,415,95,16,0,51,0,19,0,3,6,0,17%,0%,54%,0%,20%,0%,3%,6%,0%,0.97,71%,23%,0%,6%,0.38,77%,,,
South Molton,,South Molton,20,10,Yes,,South Molton,18,North Devon,10,783,790,"3,826",819,61,40,220,67,214,23,130,57,7,7%,5%,27%,8%,26%,3%,16%,7%,1%,0.91,39%,51%,3%,7%,0.41,84%,,,
South Pool,,Coleridge,8,12,,,Woodleigh,25,South Hams,4,95,106,567,140,14,6,69,0,29,2,13,5,2,10%,4%,49%,0%,21%,1%,9%,4%,1%,1.05,64%,31%,1%,4%,0.42,86%,,,
South Tawton,,Wonford,32,27,Historically,,Dunsford,7,West Devon,8,336,379,"1,937",443,40,17,173,0,86,5,90,32,0,9%,4%,39%,0%,19%,1%,20%,7%,0%,0.97,52%,40%,1%,7%,0.39,79%,,,
Southleigh,3,Colyton,9,6,,,Honiton,10,East Devon,6,49,60,320,80,11,9,48,0,7,0,0,5,0,14%,11%,60%,0%,9%,0%,0%,6%,0%,1.06,85%,9%,0%,6%,0.38,78%,,,
Sowton,,Wonford,32,23,,,Aylesbeare,1,East Devon,6,66,74,391,101,10,1,51,0,18,6,9,5,1,10%,1%,50%,0%,18%,6%,9%,5%,1%,1.1,61%,28%,6%,5%,0.5,102%,,,
Spreyton,,Wonford,32,24,,,Dunsford,7,West Devon,8,70,83,423,110,13,5,68,0,13,6,0,5,0,12%,5%,62%,0%,12%,5%,0%,5%,0%,1.11,78%,12%,5%,5%,0.48,98%,,,
St Budeaux (small part in Cornwall),,Roborough,23,5,,,Three Towns,21,Plymouth,2,118,124,669,170,22,1,71,0,21,10,13,32,0,13%,1%,42%,0%,12%,6%,8%,19%,0%,1.08,55%,20%,6%,19%,0.48,99%,,,
St Giles in the Heath (was Cornwall),,Black Torrington,3,15,,,Trigg Major (Cornwall),26,Torridge,9,46,64,357,103,11,5,54,0,25,2,3,3,0,11%,5%,52%,0%,24%,2%,3%,3%,0%,1.23,68%,27%,2%,3%,0.51,105%,,,
St Giles in the Wood,,Fremington,13,3,,,Torrington,23,Torridge,9,157,160,894,187,27,1,100,0,26,2,22,7,2,14%,1%,53%,0%,14%,1%,12%,4%,1%,0.89,68%,27%,1%,4%,0.34,70%,,,
Staverton,,Haytor,17,18,,Medium,Ipplepen,11,South Hams,4,199,213,"1,055",257,50,0,117,0,73,4,1,11,1,19%,0%,46%,0%,28%,2%,0%,4%,0%,1.04,65%,29%,2%,4%,0.47,96%,,,
"Stockland (from Dorset, 1844)",,Not Devon,99,4,,Not Devon,Honiton (later),99,East Devon,6,236,261,"1,206",316,36,26,120,0,89,5,11,24,5,11%,8%,38%,0%,28%,2%,3%,8%,2%,1.12,58%,33%,2%,8%,0.49,100%,,,
Stockleigh English,,West Budleigh,6,4,,,Cadbury,3,Mid Devon,7,24,28,144,39,10,0,21,0,5,2,1,0,0,26%,0%,54%,0%,13%,5%,3%,0%,0%,1.15,79%,15%,5%,0%,0.56,115%,,,
Stockleigh Pomeroy,,West Budleigh,6,5,,,Cadbury,3,Mid Devon,7,41,42,238,64,9,2,42,0,10,1,0,0,0,14%,3%,66%,0%,16%,2%,0%,0%,0%,1.14,83%,16%,2%,0%,0.45,91%,,,
Stoke Canon,,Wonford,32,25,,,Aylesbeare,1,East Devon,6,62,80,446,113,14,4,39,0,36,5,13,2,0,12%,4%,35%,0%,32%,4%,12%,2%,0%,1.08,50%,43%,4%,2%,0.54,110%,,,
Stoke Damerel / Devonport,,Plymouth Borough,34,3,,Plymouth/SD,Three Towns,21,Plymouth,2,"3,394","8,312","34,883","7,575",5,29,44,0,"3,966",562,"1,107","1,811",51,0%,0%,1%,0%,52%,7%,15%,24%,1%,0.92,1%,68%,7%,24%,0.52,106%,,,
Stoke Fleming,,Coleridge,8,17,,,Totnes,24,South Hams,4,127,158,725,174,24,2,75,0,36,9,12,14,2,14%,1%,43%,0%,21%,5%,7%,8%,1%,1.02,58%,29%,5%,8%,0.48,98%,,,
Stoke Gabriel,,Haytor,17,19,,,Ipplepen,11,South Hams,4,146,157,718,180,18,2,95,0,49,5,4,7,0,10%,1%,53%,0%,27%,3%,2%,4%,0%,1.07,64%,29%,3%,4%,0.46,94%,,,
Stoke Rivers,,Shirwell,25,12,,,Shirwell,17,North Devon,10,50,51,270,66,11,0,45,0,9,0,0,1,0,17%,0%,68%,0%,14%,0%,0%,2%,0%,1.04,85%,14%,0%,2%,0.38,77%,,,
Stokeinteignhead,,Wonford,32,26,,,Kenn,12,Teignbridge,5,123,126,621,141,22,6,75,0,13,7,5,13,0,16%,4%,53%,0%,9%,5%,4%,9%,0%,0.97,73%,13%,5%,9%,0.42,86%,,,
Stokenham,,Coleridge,8,18,,Large,Woodleigh,25,South Hams,4,307,315,"1,609",361,35,12,142,0,66,12,75,13,6,10%,3%,39%,0%,18%,3%,21%,4%,2%,0.95,52%,41%,3%,4%,0.41,85%,,,
Stoodleigh (incl Highley St Mary),,Witheridge,31,14,,,South Molton,18,Mid Devon,7,82,89,524,145,27,1,92,0,19,3,3,0,0,19%,1%,63%,0%,13%,2%,2%,0%,0%,1.18,83%,15%,2%,0%,0.48,98%,,,
Stowford,,Lifton,19,18,,,Tavistock,20,West Devon,8,87,87,463,120,11,7,46,0,22,4,22,3,5,9%,6%,38%,0%,18%,3%,18%,3%,4%,1.1,53%,41%,3%,3%,0.48,99%,,,
Sutcombe,,Black Torrington,3,32,,,Holsworthy,9,Torridge,9,72,72,491,117,27,0,90,0,0,0,0,0,0,23%,0%,77%,0%,0%,0%,0%,0%,0%,1.01,100%,0%,0%,0%,0.35,71%,,,
Swimbridge,,South Molton,20,12,,Large,Barnstaple,2,North Devon,10,291,305,"1,511",389,39,10,155,0,70,4,30,76,5,10%,3%,40%,0%,18%,1%,8%,20%,1%,1.1,52%,27%,1%,20%,0.42,85%,,,
Sydenham Damerel,,Lifton,19,19,,,Tavistock,20,West Devon,8,60,62,296,81,12,0,52,0,12,1,2,0,2,15%,0%,64%,0%,15%,1%,2%,0%,2%,1.16,79%,20%,1%,0%,0.45,91%,,,
Talaton,,Hayridge,16,15,,,Plymtree,16,East Devon,6,91,101,479,121,17,6,51,0,28,3,4,6,6,14%,5%,42%,0%,23%,2%,3%,5%,5%,1.08,61%,31%,2%,5%,0.48,98%,,,
Tamerton Foliot,,Roborough,23,13,,Medium,Tamerton,19,South Hams,4,182,207,"1,061",245,20,14,124,0,42,16,5,15,9,8%,6%,51%,0%,17%,7%,2%,6%,4%,0.98,64%,23%,7%,6%,0.45,93%,,,
Tavistock,,Tavistock,27,3,Yes,,Tavistock,20,West Devon,8,778,"1,089","5,602","1,302",63,11,272,1,459,104,276,46,70,5%,1%,21%,0%,35%,8%,21%,4%,5%,0.99,27%,62%,8%,4%,0.54,111%,,,
Tawstock,,Fremington,13,10,,Medium,Barnstaple,2,North Devon,10,236,259,"1,348",360,77,30,165,0,64,3,3,13,5,21%,8%,46%,0%,18%,1%,1%,4%,1%,1.14,76%,20%,1%,4%,0.49,101%,,,
Tedburn St Mary,,Wonford,32,28,,,Dunsford,7,Teignbridge,5,135,143,821,227,29,10,124,0,46,5,6,7,0,13%,4%,55%,0%,20%,2%,3%,3%,0%,1.18,72%,23%,2%,3%,0.49,100%,,,
Teigngrace,,Teignbridge,29,13,,,Moreton,13,Teignbridge,5,27,27,160,31,4,0,11,0,7,0,6,1,2,13%,0%,35%,0%,23%,0%,19%,3%,6%,0.82,48%,48%,0%,3%,0.33,68%,,,
Templeton,,Witheridge,31,15,,,South Molton,18,Mid Devon,7,44,45,222,66,14,0,32,0,13,0,0,7,0,21%,0%,48%,0%,20%,0%,0%,11%,0%,1.27,70%,20%,0%,11%,0.51,104%,,,
Tetcott,,Black Torrington,3,33,,,Holsworthy,9,Torridge,9,56,57,293,62,7,13,31,0,8,1,0,1,1,11%,21%,50%,0%,13%,2%,0%,2%,2%,0.9,82%,15%,2%,2%,0.37,76%,,,
Thelbridge,,Witheridge,31,16,,,South Molton,18,Mid Devon,7,45,45,219,55,11,1,39,0,3,1,0,0,0,20%,2%,71%,0%,5%,2%,0%,0%,0%,1.07,93%,5%,2%,0%,0.41,84%,,,
Thornbury,,Black Torrington,3,34,,,Holsworthy,9,Torridge,9,106,109,546,126,21,28,46,0,13,1,0,17,0,17%,22%,37%,0%,10%,1%,0%,13%,0%,0.98,75%,10%,1%,13%,0.41,83%,,,
"Thorncombe (to Dorset, 1844)",4,Axminster,1,11,Historically,,Honiton,10,No longer Devon,99,264,272,"1,368",348,33,10,156,0,57,10,47,29,6,9%,3%,45%,0%,16%,3%,14%,8%,2%,1.08,57%,32%,3%,8%,0.44,91%,,,
Thorverton,,Hayridge,16,16,,Medium,Cadbury,3,Mid Devon,7,302,311,"1,455",362,24,5,154,1,112,22,12,28,4,7%,1%,43%,0%,31%,6%,3%,8%,1%,1.06,51%,36%,6%,8%,0.51,105%,,,
Throwleigh,,Wonford,32,30,,,Dunsford,7,West Devon,8,70,72,460,91,16,7,38,0,16,3,0,11,0,18%,8%,42%,0%,18%,3%,0%,12%,0%,0.84,67%,18%,3%,12%,0.38,78%,,,
Thrushelton,,Lifton,19,20,,,Tavistock,20,West Devon,8,72,95,353,130,22,8,47,0,14,0,37,2,0,17%,6%,36%,0%,11%,0%,28%,2%,0%,1.57,59%,39%,0%,2%,0.63,128%,,,
Thurlestone,,Stanborough,26,18,,,Woodleigh,25,South Hams,4,89,89,466,110,11,11,62,0,14,3,4,5,0,10%,10%,56%,0%,13%,3%,4%,5%,0%,1,76%,16%,3%,5%,0.4,82%,,,
Tiverton Clare,,Tiverton,30,4,,,Tiverton,22,Mid Devon,7,79,80,398,113,20,9,60,0,20,2,0,0,2,18%,8%,53%,0%,18%,2%,0%,0%,2%,1.21,79%,19%,2%,0%,0.52,106%,,,
Tiverton Pitt,,Tiverton,30,5,,,Tiverton,22,Mid Devon,7,123,129,684,180,39,10,91,0,24,6,1,4,5,22%,6%,51%,0%,13%,3%,1%,2%,3%,1.12,78%,17%,3%,2%,0.51,104%,,,
Tiverton Pryors,,Tiverton,30,6,,,Tiverton,22,Mid Devon,7,91,95,528,143,32,6,78,1,13,4,3,4,2,22%,4%,55%,1%,9%,3%,2%,3%,1%,1.15,81%,13%,3%,3%,0.5,102%,,,
Tiverton Tidcombe,,Tiverton,30,7,,,Tiverton,22,Mid Devon,7,93,101,571,152,27,11,71,0,19,11,1,2,10,18%,7%,47%,0%,13%,7%,1%,1%,7%,1.13,72%,20%,7%,1%,0.57,117%,,,
Tiverton Town,,Tiverton,30,8,Yes,,Tiverton,22,Mid Devon,7,"1,488","1,628","7,585","1,729",3,7,290,55,717,139,381,93,44,0%,0%,17%,3%,41%,8%,22%,5%,3%,0.97,17%,69%,8%,5%,0.53,109%,,,
Topsham,,Wonford,32,31,Yes,,Aylesbeare,1,Exeter,1,610,702,"3,184",720,9,22,75,0,267,63,215,46,23,1%,3%,10%,0%,37%,9%,30%,6%,3%,0.96,15%,70%,9%,6%,0.54,110%,,,
Torbryan,,Haytor,17,20,,,Ipplepen,11,Teignbridge,5,51,52,257,64,15,0,39,0,4,2,0,3,1,23%,0%,61%,0%,6%,3%,0%,5%,2%,1.06,84%,8%,3%,5%,0.45,91%,,,
Tormoham (Torquay),,Haytor,17,21,,Large,Ipplepen,11,Torbay,3,551,626,"3,582",816,6,6,36,0,439,64,130,74,61,1%,1%,4%,0%,54%,8%,16%,9%,7%,0.97,6%,77%,8%,9%,0.57,116%,,,
Torquay St Marychurch,,Haytor,17,16,,Medium,Ipplepen,11,Torbay,3,232,276,"1,204",305,16,9,88,0,73,20,58,32,9,5%,3%,29%,0%,24%,7%,19%,10%,3%,1.08,37%,46%,7%,10%,0.52,107%,,,
Totnes,,Coleridge,8,19,Yes,,Totnes,24,South Hams,4,375,731,"3,442",730,4,13,7,0,399,89,176,23,19,1%,2%,1%,0%,55%,12%,24%,3%,3%,0.9,3%,81%,12%,3%,0.6,123%,,,
Trentishoe,,Braunton,4,21,,,Shirwell,17,North Devon,10,31,31,128,35,8,5,17,0,4,1,0,0,0,23%,14%,49%,0%,11%,3%,0%,0%,0%,1.16,86%,11%,3%,0%,0.54,110%,,,
Trusham,,Exminster,12,17,,,Kenn,12,Teignbridge,5,39,42,207,56,5,1,34,0,12,2,0,2,0,9%,2%,61%,0%,21%,4%,0%,4%,0%,1.15,71%,21%,4%,4%,0.48,98%,,,
Twitchen,,South Molton,20,13,,,South Molton,18,North Devon,10,32,32,170,49,7,10,31,0,1,0,0,0,0,14%,20%,63%,0%,2%,0%,0%,0%,0%,1.23,98%,2%,0%,0%,0.44,90%,,,
Uffculme,,Bampton,2,7,Yes,,Tiverton,22,Mid Devon,7,416,520,"2,082",509,35,27,191,3,159,18,29,42,5,7%,5%,38%,1%,31%,4%,6%,8%,1%,1.04,50%,39%,4%,8%,0.48,97%,,,
Ugborough,,Ermington,11,11,,Medium,Plympton,15,South Hams,4,243,269,"1,467",377,48,20,186,0,69,5,23,24,2,13%,5%,49%,0%,18%,1%,6%,6%,1%,1.09,67%,25%,1%,6%,0.44,90%,,,
Uplowman,,Tiverton,30,9,,,Tiverton,22,Mid Devon,7,47,58,335,88,8,5,57,0,14,1,0,3,0,9%,6%,65%,0%,16%,1%,0%,3%,0%,1.12,80%,16%,1%,3%,0.41,84%,,,
Uplyme,3,Axminster,1,12,,,Honiton,10,East Devon,6,171,205,975,233,19,12,110,2,40,10,20,12,8,8%,5%,47%,1%,17%,4%,9%,5%,3%,1.02,61%,30%,4%,5%,0.44,90%,,,
Upottery,5,Axminster,1,13,,,Dunkeswell,6,East Devon,6,192,219,940,252,45,23,120,0,58,3,0,0,3,18%,9%,48%,0%,23%,1%,0%,0%,1%,1.14,75%,24%,1%,0%,0.5,103%,,,
Upton Hellions,,West Budleigh,6,6,,,Cadbury,3,Mid Devon,7,30,30,152,35,5,1,23,0,5,1,0,0,0,14%,3%,66%,0%,14%,3%,0%,0%,0%,0.98,83%,14%,3%,0%,0.4,81%,,,
Upton Pyne,,Wonford,32,32,,,Cadbury,3,East Devon,6,99,101,514,121,12,3,64,0,21,2,11,2,6,10%,2%,53%,0%,17%,2%,9%,2%,5%,1,65%,31%,2%,2%,0.39,80%,,,
Venn Ottery,,East Budleigh,5,20,,,Aylesbeare,1,East Devon,6,22,22,133,28,4,3,20,0,1,0,0,0,0,14%,11%,71%,0%,4%,0%,0%,0%,0%,0.9,96%,4%,0%,0%,0.3,62%,,,
Virginstow,,Lifton,19,21,,,Tavistock,20,Torridge,9,25,25,136,48,10,0,30,0,8,0,0,0,0,21%,0%,63%,0%,17%,0%,0%,0%,0%,1.5,83%,17%,0%,0%,0.59,120%,,,
Walkhampton,,Roborough,23,14,,,Tamerton,19,West Devon,8,96,109,691,223,18,20,44,0,44,6,75,16,0,8%,9%,20%,0%,20%,3%,34%,7%,0%,1.37,37%,53%,3%,7%,0.61,126%,,,
Warkleigh,,South Molton,20,14,,,South Molton,18,North Devon,10,55,55,283,73,13,6,39,0,3,1,2,9,0,18%,8%,53%,0%,4%,1%,3%,12%,0%,1.1,79%,7%,1%,12%,0.42,85%,,,
Washfield,,West Budleigh,6,7,,,Tiverton,22,Mid Devon,7,76,83,453,128,19,10,69,0,17,3,1,4,5,15%,8%,54%,0%,13%,2%,1%,3%,4%,1.2,77%,18%,2%,3%,0.5,102%,,,
Washford Pyne,,Witheridge,31,17,,,South Molton,18,Mid Devon,7,35,35,174,48,8,0,23,0,13,1,0,3,0,17%,0%,48%,0%,27%,2%,0%,6%,0%,1.17,65%,27%,2%,6%,0.52,106%,,,
Wear Gifford,,Shebbear,24,26,,,Hartland,8,Torridge,9,109,111,547,135,10,10,65,5,34,3,6,2,0,7%,7%,48%,4%,25%,2%,4%,1%,0%,1.05,63%,33%,2%,1%,0.44,91%,,,
Welcombe,,Hartland,15,3,,,Hartland,8,Torridge,9,55,65,258,61,13,7,34,0,7,0,0,0,0,21%,11%,56%,0%,11%,0%,0%,0%,0%,1.01,89%,11%,0%,0%,0.41,83%,,,
Wembury,,Plympton,22,7,,,Plympton,15,South Hams,4,97,110,652,198,16,0,154,0,13,4,0,2,9,8%,0%,78%,0%,7%,2%,0%,1%,5%,1.29,86%,11%,2%,1%,0.43,88%,,,
Wembworthy,,North Tawton & Winkleigh,28,18,,,Chulmleigh,5,Mid Devon,7,69,71,378,87,16,1,26,0,14,0,30,0,0,18%,1%,30%,0%,16%,0%,34%,0%,0%,0.98,49%,51%,0%,0%,0.41,84%,,,
"Werrington (to Cornwall, 1966)",,Black Torrington,3,35,,,Trigg Major (Cornwall),26,No longer Devon,99,112,118,661,173,34,0,87,2,14,4,21,9,2,20%,0%,50%,1%,8%,2%,12%,5%,1%,1.11,70%,23%,2%,5%,0.46,94%,,,
West Alvington,,Stanborough,26,2,,,Woodleigh,25,South Hams,4,161,161,872,213,27,0,125,0,41,0,0,20,0,13%,0%,59%,0%,19%,0%,0%,9%,0%,1.04,71%,19%,0%,9%,0.38,77%,,,
West Anstey,,South Molton,20,2,,,South Molton,18,North Devon,10,39,53,226,55,16,7,25,0,4,0,0,3,0,29%,13%,45%,0%,7%,0%,0%,5%,0%,1.04,87%,7%,0%,5%,0.44,90%,,,
West Buckland,,Braunton,4,8,,,Shirwell,17,North Devon,10,54,54,273,73,13,1,35,0,14,3,0,7,0,18%,1%,48%,0%,19%,4%,0%,10%,0%,1.14,67%,19%,4%,10%,0.52,106%,,,
West Down,,Braunton,4,11,,,Shirwell,17,North Devon,10,84,100,628,153,25,0,77,0,36,1,4,7,3,16%,0%,50%,0%,24%,1%,3%,5%,2%,1.04,67%,28%,1%,5%,0.43,87%,,,
West Ogwell,,Wonford,32,19,,,Kenn,12,Teignbridge,5,7,7,50,9,6,0,2,0,0,0,0,0,1,67%,0%,22%,0%,0%,0%,0%,0%,11%,0.77,89%,11%,0%,0%,0.43,88%,,,
West Putford,,Black Torrington,3,36,,,Holsworthy,9,Torridge,9,63,81,400,88,24,0,37,0,10,0,0,17,0,27%,0%,42%,0%,11%,0%,0%,19%,0%,0.94,69%,11%,0%,19%,0.38,77%,,,
West Teignmouth,,Exminster,12,16,,Large,Kenn,12,Teignbridge,5,523,574,"2,878",578,22,12,56,0,298,56,91,29,14,4%,2%,10%,0%,52%,10%,16%,5%,2%,0.85,16%,70%,10%,5%,0.53,108%,,,
West Worlington,,Witheridge,31,21,,,South Molton,18,North Devon,10,34,36,187,52,15,0,30,0,7,0,0,0,0,29%,0%,58%,0%,13%,0%,0%,0%,0%,1.18,87%,13%,0%,0%,0.49,101%,,,
Westleigh (near Bideford),,Fremington,13,7,,,Barnstaple,2,North Devon,10,88,89,484,109,15,0,36,0,30,2,0,22,4,14%,0%,33%,0%,28%,2%,0%,20%,4%,0.96,47%,31%,2%,20%,0.41,84%,,,
Whimple,,Cliston,7,5,,,Aylesbeare,1,East Devon,6,126,138,739,203,28,3,100,0,28,4,33,0,7,14%,1%,49%,0%,14%,2%,16%,0%,3%,1.17,65%,33%,2%,0%,0.48,97%,,,
Whitchurch,,Roborough,23,15,,,Tamerton,19,West Devon,8,133,141,791,203,41,0,125,0,22,0,13,0,2,20%,0%,62%,0%,11%,0%,6%,0%,1%,1.09,82%,18%,0%,0%,0.41,84%,,,
Whitestone,,Wonford,32,33,,,Dunsford,7,Teignbridge,5,123,135,643,176,23,11,103,0,27,4,0,7,1,13%,6%,59%,0%,15%,2%,0%,4%,1%,1.16,78%,16%,2%,4%,0.47,96%,,,
Whitrey,,Halberton,14,4,,,Tiverton,22,Mid Devon,7,20,28,122,31,3,2,20,0,4,0,0,2,0,10%,6%,65%,0%,13%,0%,0%,6%,0%,1.08,81%,13%,0%,6%,0.37,75%,,,
Widecombe in the Moor,,Haytor,17,22,Historically,,Moreton,13,Teignbridge,5,163,184,959,228,37,29,128,0,33,1,0,0,0,16%,13%,56%,0%,14%,0%,0%,0%,0%,1.01,85%,14%,0%,0%,0.4,83%,,,
Widworthy,4,Colyton,9,12,,,Honiton,10,East Devon,6,48,49,278,94,10,6,59,0,17,0,0,2,0,11%,6%,63%,0%,18%,0%,0%,2%,0%,1.44,80%,18%,0%,2%,0.52,107%,,,
Willand,,Halberton,14,3,,,Tiverton,22,Mid Devon,7,56,67,321,83,11,0,47,0,18,0,7,0,0,13%,0%,57%,0%,22%,0%,8%,0%,0%,1.1,70%,30%,0%,0%,0.42,86%,,,
Winkleigh,,North Tawton & Winkleigh,28,19,Historically,,Torrington,23,Torridge,9,275,360,"1,596",341,45,14,164,0,62,2,30,24,0,13%,4%,48%,0%,18%,1%,9%,7%,0%,0.91,65%,27%,1%,7%,0.36,73%,,,
Witheridge,,Witheridge,31,18,Historically,,South Molton,18,North Devon,10,249,250,"1,263",330,56,5,172,0,72,8,5,8,4,17%,2%,52%,0%,22%,2%,2%,2%,1%,1.11,71%,25%,2%,2%,0.49,100%,,,
Withycombe Raleigh (incl part of Exmouth),,East Budleigh,5,21,,Medium,Aylesbeare,1,East Devon,6,219,233,"1,063",234,10,11,44,0,70,34,26,23,16,4%,5%,19%,0%,30%,15%,11%,10%,7%,0.94,28%,48%,15%,10%,0.59,121%,,,
Wolborough (incl most of Newton Abbot),,Haytor,17,23,Yes,,Ipplepen,11,Teignbridge,5,442,467,"2,194",498,6,3,56,2,339,52,22,12,6,1%,1%,11%,0%,68%,10%,4%,2%,1%,0.97,13%,74%,10%,2%,0.64,130%,,,
Woodbury,,East Budleigh,5,22,,Large,Aylesbeare,1,East Devon,6,322,329,"1,673",403,66,25,175,0,79,5,17,36,0,16%,6%,43%,0%,20%,1%,4%,9%,0%,1.03,66%,24%,1%,9%,0.43,88%,,,
Woodland (linked to Ipplepen),,Haytor,17,11,,,Ipplepen,11,Teignbridge,5,39,39,237,45,16,0,24,0,2,2,0,0,1,36%,0%,53%,0%,4%,4%,0%,0%,2%,0.81,89%,7%,4%,0%,0.4,81%,,,
Woodleigh,,Stanborough,26,19,,,Woodleigh,25,South Hams,4,45,47,279,71,16,0,41,0,13,1,0,0,0,23%,0%,58%,0%,18%,1%,0%,0%,0%,1.08,80%,18%,1%,0%,0.46,95%,,,
Woolfardisworthy (in Mid Devon),,Witheridge,31,19,,,South Molton,18,Mid Devon,7,36,39,226,57,11,3,38,0,3,1,0,0,1,19%,5%,67%,0%,5%,2%,0%,0%,2%,1.07,91%,7%,2%,0%,0.42,85%,,,
Woolfardisworthy (near Hartland),,Hartland,15,4,,,Hartland,8,Torridge,9,137,141,840,195,36,8,136,0,12,2,0,1,0,18%,4%,70%,0%,6%,1%,0%,1%,0%,0.99,92%,6%,1%,1%,0.37,75%,,,
Yarcombe,5,Axminster,1,14,,,Dunkeswell,6,East Devon,6,148,148,804,226,11,25,88,0,34,1,0,67,0,5%,11%,39%,0%,15%,0%,0%,30%,0%,1.2,55%,15%,0%,30%,0.41,84%,,,
Yarnscombe,,Hartland,15,5,,,Barnstaple,2,Torridge,9,74,104,498,110,33,5,45,0,17,0,0,6,4,30%,5%,41%,0%,15%,0%,0%,5%,4%,0.94,75%,19%,0%,5%,0.42,86%,,,
Yealmpton,,Plympton,22,8,,Medium,Plympton,15,South Hams,4,232,241,"1,262",310,18,3,110,0,105,22,28,11,13,6%,1%,35%,0%,34%,7%,9%,4%,4%,1.05,42%,47%,7%,4%,0.54,110%,,,
Zeal Monachorum,,North Tawton & Winkleigh,28,20,,,Chulmleigh,5,Mid Devon,7,121,125,747,149,20,2,77,0,40,2,0,8,0,13%,1%,52%,0%,27%,1%,0%,5%,0%,0.85,66%,27%,1%,5%,0.35,73%,,,
